-- phpMyAdmin SQL Dump
-- version 5.2.1
-- https://www.phpmyadmin.net/
--
-- Servidor: localhost:8889
-- Tiempo de generación: 18-01-2026 a las 20:05:57
-- Versión del servidor: 5.7.44
-- Versión de PHP: 8.3.14

SET SQL_MODE = "NO_AUTO_VALUE_ON_ZERO";
START TRANSACTION;
SET time_zone = "+00:00";


/*!40101 SET @OLD_CHARACTER_SET_CLIENT=@@CHARACTER_SET_CLIENT */;
/*!40101 SET @OLD_CHARACTER_SET_RESULTS=@@CHARACTER_SET_RESULTS */;
/*!40101 SET @OLD_COLLATION_CONNECTION=@@COLLATION_CONNECTION */;
/*!40101 SET NAMES utf8mb4 */;

--
-- Base de datos: `ciudadelas_casas`
--

-- --------------------------------------------------------

--
-- Estructura de tabla para la tabla `actividades`
--

CREATE TABLE `actividades` (
  `id` bigint(20) UNSIGNED NOT NULL,
  `anio` year(4) NOT NULL,
  `mes` varchar(255) COLLATE utf8mb4_unicode_ci NOT NULL,
  `fecha` date NOT NULL,
  `estado` varchar(255) COLLATE utf8mb4_unicode_ci NOT NULL,
  `descripcion` longtext COLLATE utf8mb4_unicode_ci NOT NULL,
  `created_at` timestamp NULL DEFAULT NULL,
  `updated_at` timestamp NULL DEFAULT NULL
) ENGINE=InnoDB DEFAULT CHARSET=utf8mb4 COLLATE=utf8mb4_unicode_ci;

--
-- Volcado de datos para la tabla `actividades`
--

INSERT INTO `actividades` (`id`, `anio`, `mes`, `fecha`, `estado`, `descripcion`, `created_at`, `updated_at`) VALUES
(1, '2025', 'Septiembre', '2025-09-06', 'Pendiente', 'test actividad', '2025-09-07 01:27:26', '2025-09-07 01:27:26'),
(2, '2025', 'Septiembre', '2025-09-20', 'Pendiente', 'werwerwerwe', '2025-09-20 05:30:25', '2025-09-20 05:30:25'),
(3, '2025', 'Septiembre', '2025-09-20', 'En Proceso', 'werwerwerwerwer', '2025-09-20 05:30:31', '2025-09-20 05:30:31');

-- --------------------------------------------------------

--
-- Estructura de tabla para la tabla `apartamentos`
--

CREATE TABLE `apartamentos` (
  `id` bigint(20) UNSIGNED NOT NULL,
  `codigo` varchar(255) COLLATE utf8mb4_unicode_ci NOT NULL,
  `nombre` varchar(255) COLLATE utf8mb4_unicode_ci NOT NULL,
  `estado` varchar(255) COLLATE utf8mb4_unicode_ci NOT NULL,
  `bloque_id` bigint(20) UNSIGNED NOT NULL,
  `created_at` timestamp NULL DEFAULT NULL,
  `updated_at` timestamp NULL DEFAULT NULL
) ENGINE=InnoDB DEFAULT CHARSET=utf8mb4 COLLATE=utf8mb4_unicode_ci;

-- --------------------------------------------------------

--
-- Estructura de tabla para la tabla `apartments`
--

CREATE TABLE `apartments` (
  `id` bigint(20) UNSIGNED NOT NULL,
  `name` varchar(255) COLLATE utf8mb4_unicode_ci NOT NULL,
  `number` varchar(255) COLLATE utf8mb4_unicode_ci DEFAULT NULL,
  `block` varchar(255) COLLATE utf8mb4_unicode_ci DEFAULT NULL,
  `floor` int(11) DEFAULT NULL,
  `address` varchar(255) COLLATE utf8mb4_unicode_ci DEFAULT NULL,
  `phone` varchar(255) COLLATE utf8mb4_unicode_ci DEFAULT NULL,
  `email` varchar(255) COLLATE utf8mb4_unicode_ci DEFAULT NULL,
  `notes` text COLLATE utf8mb4_unicode_ci,
  `client_id` bigint(20) UNSIGNED NOT NULL,
  `created_at` timestamp NULL DEFAULT NULL,
  `updated_at` timestamp NULL DEFAULT NULL
) ENGINE=InnoDB DEFAULT CHARSET=utf8mb4 COLLATE=utf8mb4_unicode_ci;

-- --------------------------------------------------------

--
-- Estructura de tabla para la tabla `asambleas`
--

CREATE TABLE `asambleas` (
  `id` bigint(20) UNSIGNED NOT NULL,
  `codigo` varchar(255) COLLATE utf8mb4_unicode_ci NOT NULL,
  `nombre` varchar(255) COLLATE utf8mb4_unicode_ci NOT NULL,
  `estado` varchar(255) COLLATE utf8mb4_unicode_ci NOT NULL,
  `created_at` timestamp NULL DEFAULT NULL,
  `updated_at` timestamp NULL DEFAULT NULL
) ENGINE=InnoDB DEFAULT CHARSET=utf8mb4 COLLATE=utf8mb4_unicode_ci;

-- --------------------------------------------------------

--
-- Estructura de tabla para la tabla `bandas_horarias`
--

CREATE TABLE `bandas_horarias` (
  `id` bigint(20) UNSIGNED NOT NULL,
  `nombre` varchar(255) COLLATE utf8mb4_unicode_ci NOT NULL,
  `hora_inicio` time NOT NULL,
  `hora_fin` time NOT NULL,
  `duracion_horas` int(10) UNSIGNED NOT NULL DEFAULT '12',
  `activo` tinyint(1) NOT NULL DEFAULT '1',
  `created_at` timestamp NULL DEFAULT NULL,
  `updated_at` timestamp NULL DEFAULT NULL
) ENGINE=InnoDB DEFAULT CHARSET=utf8mb4 COLLATE=utf8mb4_unicode_ci;

--
-- Volcado de datos para la tabla `bandas_horarias`
--

INSERT INTO `bandas_horarias` (`id`, `nombre`, `hora_inicio`, `hora_fin`, `duracion_horas`, `activo`, `created_at`, `updated_at`) VALUES
(1, 'Diurna', '07:00:00', '12:00:00', 5, 1, '2025-09-28 04:42:09', '2025-09-28 04:42:09'),
(2, 'Nocturna', '19:00:00', '23:59:00', 5, 1, '2025-09-28 04:43:14', '2025-09-28 04:43:14');

-- --------------------------------------------------------

--
-- Estructura de tabla para la tabla `bloques`
--

CREATE TABLE `bloques` (
  `id` bigint(20) UNSIGNED NOT NULL,
  `codigo` varchar(255) COLLATE utf8mb4_unicode_ci NOT NULL,
  `nombre` varchar(255) COLLATE utf8mb4_unicode_ci NOT NULL,
  `conjunto_id` bigint(20) UNSIGNED NOT NULL,
  `created_at` timestamp NULL DEFAULT NULL,
  `updated_at` timestamp NULL DEFAULT NULL
) ENGINE=InnoDB DEFAULT CHARSET=utf8mb4 COLLATE=utf8mb4_unicode_ci;

-- --------------------------------------------------------

--
-- Estructura de tabla para la tabla `casas`
--

CREATE TABLE `casas` (
  `id` bigint(20) UNSIGNED NOT NULL,
  `codigo` varchar(255) COLLATE utf8mb4_unicode_ci NOT NULL,
  `nombre` varchar(255) COLLATE utf8mb4_unicode_ci NOT NULL,
  `conjunto_id` bigint(20) UNSIGNED NOT NULL,
  `created_at` timestamp NULL DEFAULT NULL,
  `updated_at` timestamp NULL DEFAULT NULL,
  `telefono_uno` varchar(255) COLLATE utf8mb4_unicode_ci DEFAULT NULL,
  `telefono_dos` varchar(255) COLLATE utf8mb4_unicode_ci DEFAULT NULL,
  `telefono_tres` varchar(255) COLLATE utf8mb4_unicode_ci DEFAULT NULL,
  `telefono_cuatro` varchar(255) COLLATE utf8mb4_unicode_ci DEFAULT NULL,
  `telefono_cinco` varchar(255) COLLATE utf8mb4_unicode_ci DEFAULT NULL
) ENGINE=InnoDB DEFAULT CHARSET=utf8mb4 COLLATE=utf8mb4_unicode_ci;

--
-- Volcado de datos para la tabla `casas`
--

INSERT INTO `casas` (`id`, `codigo`, `nombre`, `conjunto_id`, `created_at`, `updated_at`, `telefono_uno`, `telefono_dos`, `telefono_tres`, `telefono_cuatro`, `telefono_cinco`) VALUES
(1, '0000', 'Casa 1', 1, '2025-09-10 06:32:27', '2025-11-18 03:18:32', '3214988585', '3219027494', '', '', ''),
(2, '0000', 'Casa 2', 1, '2025-09-10 06:32:27', '2025-11-18 03:18:33', '3013772000', '', '', '', ''),
(3, '0000', 'Casa 3', 1, '2025-09-10 06:32:27', '2025-11-18 03:18:33', '3138886994', '', '', '', ''),
(4, '0000', 'Casa 4', 1, '2025-09-10 06:32:27', '2025-11-18 03:18:34', '3174419775', '', '', '', ''),
(5, '0000', 'Casa 5', 1, '2025-09-10 06:32:27', '2025-11-18 03:18:35', '3105810039', '', '', '', ''),
(6, '0000', 'Casa 6', 1, '2025-09-10 06:32:27', '2025-11-18 03:18:36', '3105810039', '', '', '', ''),
(7, '0000', 'Casa 7', 1, '2025-09-10 06:32:27', '2025-11-18 03:18:38', '3002279993', '', '', '', ''),
(8, '0000', 'Casa 8', 1, '2025-09-10 06:32:27', '2025-11-18 03:18:39', '3103243388', '', '', '', ''),
(9, '0000', 'Casa 9', 1, '2025-09-10 06:32:27', '2025-11-18 03:18:40', '3223750338', '', '', '', ''),
(10, '0000', 'Casa 10', 1, '2025-09-10 06:32:27', '2025-11-18 03:18:41', '3173883309', '', '', '', ''),
(11, '0000', 'Casa 11', 1, '2025-09-10 06:32:27', '2025-11-18 03:18:41', '3187630093', '', '', '', ''),
(12, '0000', 'Casa 12', 1, '2025-09-10 06:32:27', '2025-11-18 03:18:42', '3123795084', '', '', '', ''),
(13, '0000', 'Casa 13', 1, '2025-09-10 06:32:27', '2025-11-18 03:18:42', '3165761943', '', '', '', ''),
(14, '0000', 'Casa 14', 1, '2025-09-10 06:32:27', '2025-11-18 03:18:43', '3115713595', '', '', '', ''),
(15, '0000', 'Casa 15', 1, '2025-09-10 06:32:27', '2025-11-18 03:18:43', '3156778565', '', '', '', ''),
(16, '0000', 'Casa 16', 1, '2025-09-10 06:32:27', '2025-11-18 03:18:44', '3102846098', '', '', '', ''),
(17, '0000', 'Casa 17', 1, '2025-09-10 06:32:27', '2025-11-18 03:18:45', '3102846098', '', '', '', ''),
(18, '0000', 'Casa 18', 1, '2025-09-10 06:32:27', '2025-11-18 03:18:46', '3114482780', '', '', '', ''),
(19, '0000', 'Casa 19', 1, '2025-09-10 06:32:27', '2025-11-18 03:18:47', '3017902710', '', '', '', ''),
(20, '0000', 'Casa 20', 1, '2025-09-10 06:32:27', '2025-11-18 03:18:48', '3053209329', '', '', '', ''),
(21, '0000', 'Casa 21', 1, '2025-09-10 06:32:27', '2025-11-18 03:18:49', '3506910000', '', '', '', ''),
(22, '0000', 'Casa 22', 1, '2025-09-10 06:32:27', '2025-11-18 03:18:50', '3144480117', '', '', '', ''),
(23, '0000', 'Casa 23', 1, '2025-09-10 06:32:27', '2025-11-18 03:18:50', '3138053252', '', '', '', ''),
(24, '0000', 'Casa 24', 1, '2025-09-10 06:32:27', '2025-11-18 03:18:51', '3124736404', '', '', '', ''),
(25, '0000', 'Casa 25', 1, '2025-09-10 06:32:27', '2025-11-18 03:18:51', '3142527056', '', '', '', ''),
(26, '0000', 'Casa 26', 1, '2025-09-10 06:32:27', '2025-11-18 03:18:52', '3202947481', '', '', '', ''),
(27, '0000', 'Casa 27', 1, '2025-09-10 06:32:27', '2025-11-18 03:18:52', '3102011966', '', '', '', ''),
(28, '0000', 'Casa 28', 1, '2025-09-10 06:32:27', '2025-11-18 03:18:53', '3045312717', '', '', '', ''),
(29, '0000', 'Casa 29', 1, '2025-09-10 06:32:27', '2025-11-18 03:18:53', '3105610221', '', '', '', ''),
(30, '0000', 'Casa 30', 1, '2025-09-10 06:32:27', '2025-11-18 03:18:54', '3013716999', '', '', '', ''),
(31, '0000', 'Casa 31', 1, '2025-09-10 06:32:27', '2025-11-18 03:18:54', '3017353181', '', '', '', ''),
(32, '0000', 'Casa 32', 1, '2025-09-10 06:32:27', '2025-11-18 03:18:54', '3138440447', '', '', '', ''),
(33, '0000', 'Casa 33', 1, '2025-09-10 06:32:27', '2025-11-18 03:18:55', '3105627056', '', '', '', ''),
(34, '0000', 'Casa 34', 1, '2025-09-10 06:32:27', '2025-11-18 03:18:55', '3202756887', '', '', '', ''),
(35, '0000', 'Casa 35', 1, '2025-09-10 06:32:27', '2025-11-18 03:18:56', '3112045382', '', '', '', ''),
(36, '0000', 'Casa 36', 1, '2025-09-10 06:32:27', '2025-11-18 03:18:56', '3164691251', '', '', '', ''),
(37, '0000', 'Casa 37', 1, '2025-09-10 06:32:27', '2025-11-18 03:18:57', '3108669545', '', '', '', ''),
(38, '0000', 'Casa 38', 1, '2025-09-10 06:32:27', '2025-11-18 03:18:57', '3057059791', '', '', '', ''),
(39, '0000', 'Casa 39', 1, '2025-09-10 06:32:27', '2025-11-18 03:18:57', '3105512685', '', '', '', ''),
(40, '0000', 'Casa 40', 1, '2025-09-10 06:32:27', '2025-11-18 03:18:58', '3004860862', '', '', '', ''),
(41, '0000', 'Casa 41', 1, '2025-09-10 06:32:27', '2025-11-18 03:18:58', '3042488383', '', '', '', ''),
(42, '0000', 'Casa 42', 1, '2025-09-10 06:32:27', '2025-11-18 03:18:59', '3178205141', '', '', '', ''),
(43, '0000', 'Casa 43', 1, '2025-09-10 06:32:27', '2025-11-18 03:18:59', '3105446142', '', '', '', ''),
(44, '0000', 'Casa 44', 1, '2025-09-10 06:32:27', '2025-11-18 03:19:00', '333333', '', '', '', ''),
(45, '0000', 'Casa 45', 1, '2025-09-10 06:32:27', '2025-11-18 03:19:00', '3102037651', '', '', '', ''),
(46, '0000', 'Casa 46', 1, '2025-09-10 06:32:27', '2025-11-18 03:19:01', '3118742249', '', '', '', ''),
(47, '0000', 'Casa 47', 1, '2025-09-10 06:32:27', '2025-11-18 03:19:01', '3333333', '', '', '', ''),
(48, '0000', 'Casa 48', 1, '2025-09-10 06:32:27', '2025-11-18 03:19:02', '3153538315', '', '', '', ''),
(49, '0000', 'Casa 49', 1, '2025-09-10 06:32:27', '2025-11-18 03:19:02', '3124133766', '', '', '', ''),
(50, '0000', 'Casa 50', 1, '2025-09-10 06:32:27', '2025-11-18 03:19:03', '3133803710', '', '', '', ''),
(51, '0000', 'Casa 51', 1, '2025-09-10 06:32:27', '2025-11-18 03:19:03', '3057495624', '', '', '', ''),
(52, '0000', 'Casa 52', 1, '2025-09-10 06:32:27', '2025-11-18 03:19:04', '3138800749', '', '', '', ''),
(53, '0000', 'Casa 53', 1, '2025-09-10 06:32:27', '2025-11-18 03:19:04', '3133448718', '', '', '', ''),
(54, '0000', 'Casa 54', 1, '2025-09-10 06:32:27', '2025-11-18 03:19:05', '3133448718', '', '', '', ''),
(55, '0000', 'Casa 55', 1, '2025-09-10 06:32:27', '2025-11-18 03:19:05', '3103396363', '', '', '', ''),
(56, '0000', 'Casa 56', 1, '2025-09-10 06:32:27', '2025-11-18 03:19:05', '3102704566', '', '', '', ''),
(57, '0000', 'Casa 57', 1, '2025-09-10 06:32:27', '2025-11-18 03:19:06', '3204884507', '', '', '', ''),
(58, '0000', 'Casa 58', 1, '2025-09-10 06:32:27', '2025-11-18 03:19:06', '3132357365', '', '', '', ''),
(59, '0000', 'Casa 59', 1, '2025-09-10 06:32:27', '2025-11-18 03:19:07', '3103287281', '', '', '', ''),
(60, '0000', 'Casa 60', 1, '2025-09-10 06:32:27', '2025-11-18 03:19:07', '3106663037', '', '', '', ''),
(61, '0000', 'Casa 61', 1, '2025-09-10 06:32:27', '2025-11-18 03:19:08', '3143307345', '', '', '', ''),
(62, '0000', 'Casa 62', 1, '2025-09-10 06:32:27', '2025-11-18 03:19:09', '3175453250', '', '', '', ''),
(63, '0000', 'Casa 63', 1, '2025-09-10 06:32:27', '2025-11-18 03:19:09', '33333333', '', '', '', ''),
(64, '0000', 'Casa 64', 1, '2025-09-10 06:32:27', '2025-11-18 03:19:10', '3002664839', '', '', '', ''),
(65, '0000', 'Casa 65', 1, '2025-09-10 06:32:27', '2025-11-18 03:19:10', '3144717402', '3204452033', '', '', ''),
(66, '0000', 'Casa 66', 1, '2025-09-10 06:32:27', '2025-11-18 03:19:11', '3246532518', '', '', '', ''),
(67, '0000', 'Casa 67', 1, '2025-09-10 06:32:27', '2025-11-18 03:19:12', '3503479715', '', '', '', ''),
(68, '0000', 'Casa 68', 1, '2025-09-10 06:32:27', '2025-11-18 03:19:12', '3007742395', '', '', '', ''),
(69, '0000', 'Casa 69', 1, '2025-09-10 06:32:27', '2025-11-18 03:19:13', '3216443095', '', '', '', ''),
(70, '0000', 'Casa 70', 1, '2025-09-10 06:32:27', '2025-11-18 03:19:13', '3233043837', '', '', '', ''),
(71, '0000', 'Casa 71', 1, '2025-09-10 06:32:27', '2025-11-18 03:19:13', '3114451929', '', '', '', ''),
(72, '0000', 'Casa 72', 1, '2025-09-10 06:32:27', '2025-11-18 03:19:14', '3108526198', '', '', '', ''),
(73, '0000', 'Casa 73', 1, '2025-09-10 06:32:27', '2025-11-18 03:19:14', '3125902280', '', '', '', ''),
(74, '0000', 'Casa 74', 1, '2025-09-10 06:32:27', '2025-11-18 03:19:15', '3002085472', '', '', '', ''),
(75, '0000', 'Casa 75', 1, '2025-09-10 06:32:27', '2025-11-18 03:19:15', '3133275699', '', '', '', ''),
(76, '0000', 'Casa 76', 1, '2025-09-10 06:32:27', '2025-11-18 03:19:16', '3214992627', '', '', '', ''),
(77, '0000', 'Casa 77', 1, '2025-09-10 06:32:27', '2025-11-18 03:19:16', '3154254923', '3186966448', '', '', ''),
(78, '0000', 'Casa 78', 1, '2025-09-10 06:32:27', '2025-11-18 03:19:17', '3138338891', '', '', '', ''),
(79, '0000', 'Casa 79', 1, '2025-09-10 06:32:27', '2025-11-18 03:19:17', '3185169596', '', '', '', ''),
(80, '0000', 'Casa 80', 1, '2025-09-10 06:32:27', '2025-11-18 03:19:18', '3204872664', '', '', '', ''),
(81, '0000', 'Casa 81', 1, '2025-09-10 06:32:27', '2025-11-18 03:19:18', '3006399407', '', '', '', ''),
(82, '0000', 'Casa 82', 1, '2025-09-10 06:32:27', '2025-11-18 03:19:19', '3006414087', '', '', '', ''),
(83, '0000', 'Casa 83', 1, '2025-09-10 06:32:27', '2025-11-18 03:19:19', '3005504707', '', '', '', ''),
(84, '0000', 'Casa 84', 1, '2025-09-10 06:32:27', '2025-11-18 03:19:20', '3165710596', '', '', '', ''),
(85, '0000', 'Casa 85', 1, '2025-09-10 06:32:27', '2025-11-18 03:19:20', '3176419787', '', '', '', ''),
(86, '0000', 'Casa 86', 1, '2025-09-10 06:32:27', '2025-11-18 03:19:20', '3175567079', '', '', '', ''),
(87, '0000', 'Casa 87', 1, '2025-09-10 06:32:27', '2025-11-18 03:19:21', '3162767313', '', '', '', ''),
(88, '0000', 'Casa 88', 1, '2025-09-10 06:32:27', '2025-11-18 03:19:21', '3114509307', '', '', '', ''),
(89, '0000', 'Casa 89', 1, '2025-09-10 06:32:27', '2025-11-18 03:19:22', '3102035384', '', '', '', ''),
(90, '0000', 'Casa 90', 1, '2025-09-10 06:32:27', '2025-11-18 03:19:22', '3102541096', '', '', '', ''),
(91, '0000', 'Casa 91', 1, '2025-09-10 06:32:27', '2025-11-18 03:19:23', '3204956214', '', '', '', ''),
(92, '0000', 'Casa 92', 1, '2025-09-10 06:32:27', '2025-11-18 03:19:23', '3168521371', '', '', '', ''),
(93, '0000', 'Casa 93', 1, '2025-09-10 06:32:27', '2025-11-18 03:19:24', '3002972775', '', '', '', ''),
(94, '0000', 'Casa 94', 1, '2025-09-10 06:32:27', '2025-11-18 03:19:24', '3103396363', '', '', '', ''),
(95, '0000', 'Casa 95', 1, '2025-09-10 06:32:27', '2025-11-18 03:19:24', '3123192163', '', '', '', ''),
(96, '0000', 'Casa 96', 1, '2025-09-10 06:32:27', '2025-11-18 03:19:25', '33333333', '', '', '', ''),
(97, '0000', 'Casa 97', 1, '2025-09-10 06:32:27', '2025-11-18 03:19:25', '3122801432', '', '', '', ''),
(98, '0000', 'Casa 98', 1, '2025-09-10 06:32:27', '2025-11-18 03:19:26', '3118033579', '', '', '', ''),
(99, '0000', 'Casa 99', 1, '2025-09-10 06:32:27', '2025-11-18 03:19:26', '3176496522', '', '', '', ''),
(100, '0000', 'Casa 100', 1, '2025-09-10 06:32:27', '2025-11-18 03:19:27', '3005293320', '', '', '', ''),
(101, '0000', 'Casa 101', 1, '2025-09-10 06:32:27', '2025-11-18 03:19:27', '3105791458', '', '', '', ''),
(102, '0000', 'Casa 102', 1, '2025-09-10 06:32:27', '2025-11-18 03:19:28', '3507646599', '', '', '', ''),
(103, '0000', 'Casa 103', 1, '2025-09-10 06:32:27', '2025-11-18 03:19:28', '3134589961', '', '', '', ''),
(104, '0000', 'Casa 104', 1, '2025-09-10 06:32:27', '2025-11-18 03:19:29', '3213881244', '', '', '', ''),
(105, '0000', 'Casa 105', 1, '2025-09-10 06:32:27', '2025-11-18 03:19:29', '3142625042', '', '', '', ''),
(106, '0000', 'Casa 106', 1, '2025-09-10 06:32:27', '2025-11-18 03:19:30', '3123234408', '', '', '', ''),
(107, '0000', 'Casa 107', 1, '2025-09-10 06:32:27', '2025-11-18 03:19:30', '3203473077', '', '', '', ''),
(108, '0000', 'Casa 108', 1, '2025-09-10 06:32:27', '2025-11-18 03:19:31', '3194818714', '', '', '', ''),
(109, '0000', 'Casa 109', 1, '2025-09-10 06:32:27', '2025-11-18 03:19:31', '3133918724', '', '', '', ''),
(110, '0000', 'Casa 110', 1, '2025-09-10 06:32:27', '2025-11-18 03:19:32', '3123681092', '', '', '', ''),
(111, '0000', 'Casa 111', 1, '2025-09-10 06:32:27', '2025-11-18 03:19:33', '3003962454', '', '', '', ''),
(112, '0000', 'Casa 112', 1, '2025-09-10 06:32:27', '2025-11-18 03:19:34', '3103226311', '', '', '', ''),
(113, '0000', 'Casa 113', 1, '2025-09-10 06:32:27', '2025-11-18 03:19:35', '3014940612', '', '', '', ''),
(114, '0000', 'Casa 114', 1, '2025-09-10 06:32:27', '2025-11-18 03:19:36', '3112088408', '', '', '', ''),
(115, '0000', 'Casa 115', 1, '2025-09-10 06:32:27', '2025-11-18 03:19:36', '3177262145', '', '', '', ''),
(116, '0000', 'Casa 116', 1, '2025-09-10 06:32:27', '2025-11-18 03:19:38', '3016987050', '', '', '', ''),
(117, '0000', 'Casa 117', 1, '2025-09-10 06:32:27', '2025-11-18 03:19:38', '3006088240', '', '', '', ''),
(118, '0000', 'Casa 118', 1, '2025-09-10 06:32:27', '2025-11-18 03:19:39', '3102900761', '', '', '', ''),
(119, '0000', 'Casa 119', 1, '2025-09-10 06:32:27', '2025-11-18 03:19:39', '3053445484', '', '', '', ''),
(120, '0000', 'Casa 120', 1, '2025-09-10 06:32:27', '2025-11-18 03:19:40', '3115022923', '', '', '', ''),
(121, '0000', 'Casa 121', 1, '2025-09-10 06:32:27', '2025-11-18 03:19:40', '3138077101', '', '', '', ''),
(122, '0000', 'Casa 122', 1, '2025-09-10 06:32:27', '2025-11-18 03:19:41', '3208422672', '', '', '', ''),
(123, '0000', 'Casa 123', 1, '2025-09-10 06:32:27', '2025-11-18 03:19:41', '3164049782', '', '', '', ''),
(124, '0000', 'Casa 124', 1, '2025-09-10 06:32:27', '2025-11-18 03:19:42', '3160428033', '', '', '', ''),
(125, '0000', 'Casa 125', 1, '2025-09-10 06:32:27', '2025-09-10 06:32:27', NULL, NULL, NULL, NULL, NULL),
(126, '0000', 'Casa 126', 1, '2025-09-10 06:32:27', '2025-09-10 06:32:27', NULL, NULL, NULL, NULL, NULL),
(127, '0000', 'Casa 127', 1, '2025-09-10 06:32:27', '2025-09-10 06:32:27', NULL, NULL, NULL, NULL, NULL),
(128, '0000', 'Casa 128', 1, '2025-09-10 06:32:27', '2025-09-10 06:32:27', NULL, NULL, NULL, NULL, NULL),
(129, '0000', 'Casa 129', 1, '2025-09-10 06:32:27', '2025-09-10 06:32:27', NULL, NULL, NULL, NULL, NULL),
(130, '0000', 'Casa 130', 1, '2025-09-10 06:32:27', '2025-09-10 06:32:27', NULL, NULL, NULL, NULL, NULL),
(131, '0000', 'Casa 131', 1, '2025-09-10 06:32:27', '2025-09-10 06:32:27', NULL, NULL, NULL, NULL, NULL),
(132, '0000', 'Casa 132', 1, '2025-09-10 06:32:27', '2025-09-10 06:32:27', NULL, NULL, NULL, NULL, NULL),
(133, '0000', 'Casa 133', 1, '2025-09-10 06:32:27', '2025-09-10 06:32:27', NULL, NULL, NULL, NULL, NULL),
(134, '0000', 'Casa 134', 1, '2025-09-10 06:32:27', '2025-09-10 06:32:27', NULL, NULL, NULL, NULL, NULL),
(135, '0000', 'Casa 135', 1, '2025-09-10 06:32:27', '2025-09-10 06:32:27', NULL, NULL, NULL, NULL, NULL),
(136, '0000', 'Casa 136', 1, '2025-09-10 06:32:27', '2025-09-10 06:32:27', NULL, NULL, NULL, NULL, NULL);

-- --------------------------------------------------------

--
-- Estructura de tabla para la tabla `categoria_vehiculo`
--

CREATE TABLE `categoria_vehiculo` (
  `id` bigint(20) UNSIGNED NOT NULL,
  `numero` varchar(255) COLLATE utf8mb4_unicode_ci NOT NULL,
  `nombre` varchar(255) COLLATE utf8mb4_unicode_ci NOT NULL,
  `limite` varchar(255) COLLATE utf8mb4_unicode_ci NOT NULL,
  `valor` varchar(255) COLLATE utf8mb4_unicode_ci NOT NULL,
  `created_at` timestamp NULL DEFAULT NULL,
  `updated_at` timestamp NULL DEFAULT NULL
) ENGINE=InnoDB DEFAULT CHARSET=utf8mb4 COLLATE=utf8mb4_unicode_ci;

-- --------------------------------------------------------

--
-- Estructura de tabla para la tabla `circulares`
--

CREATE TABLE `circulares` (
  `id` bigint(20) UNSIGNED NOT NULL,
  `mes` varchar(255) COLLATE utf8mb4_unicode_ci NOT NULL,
  `titulo` varchar(255) COLLATE utf8mb4_unicode_ci NOT NULL,
  `archivo` varchar(255) COLLATE utf8mb4_unicode_ci NOT NULL,
  `descripcion` longtext COLLATE utf8mb4_unicode_ci NOT NULL,
  `created_at` timestamp NULL DEFAULT NULL,
  `updated_at` timestamp NULL DEFAULT NULL
) ENGINE=InnoDB DEFAULT CHARSET=utf8mb4 COLLATE=utf8mb4_unicode_ci;

--
-- Volcado de datos para la tabla `circulares`
--

INSERT INTO `circulares` (`id`, `mes`, `titulo`, `archivo`, `descripcion`, `created_at`, `updated_at`) VALUES
(1, 'Enero', 'Plantilla Ejemplo', 'file_20251018042333.pdf', 'asdthfygjkhjjgfdseartyjukhj.', '2025-10-18 21:23:33', '2025-10-18 21:23:33');

-- --------------------------------------------------------

--
-- Estructura de tabla para la tabla `clasificados`
--

CREATE TABLE `clasificados` (
  `id` bigint(20) UNSIGNED NOT NULL,
  `estado` varchar(255) COLLATE utf8mb4_unicode_ci NOT NULL,
  `foto` varchar(255) COLLATE utf8mb4_unicode_ci NOT NULL,
  `whatsapp` varchar(255) COLLATE utf8mb4_unicode_ci DEFAULT NULL,
  `casa` varchar(255) COLLATE utf8mb4_unicode_ci NOT NULL,
  `descripcion` longtext COLLATE utf8mb4_unicode_ci NOT NULL,
  `created_at` timestamp NULL DEFAULT NULL,
  `updated_at` timestamp NULL DEFAULT NULL
) ENGINE=InnoDB DEFAULT CHARSET=utf8mb4 COLLATE=utf8mb4_unicode_ci;

--
-- Volcado de datos para la tabla `clasificados`
--

INSERT INTO `clasificados` (`id`, `estado`, `foto`, `whatsapp`, `casa`, `descripcion`, `created_at`, `updated_at`) VALUES
(1, 'Venta', 'foto_20250918015832.jpeg', '3211231233', 'casa 202', 'wertytrewertyu', '2025-09-18 06:58:32', '2025-09-18 07:06:57'),
(2, 'Alquiler', 'foto_20251016025633.jpeg', '3206081298', 'casa 102', 'qwergthdgsewqer3w4tey5rth', '2025-10-16 07:56:33', '2025-10-16 07:56:33');

-- --------------------------------------------------------

--
-- Estructura de tabla para la tabla `clasificado_galerias`
--

CREATE TABLE `clasificado_galerias` (
  `id` bigint(20) UNSIGNED NOT NULL,
  `clasificado_id` bigint(20) UNSIGNED NOT NULL,
  `imagen` varchar(255) COLLATE utf8mb4_unicode_ci NOT NULL,
  `created_at` timestamp NULL DEFAULT NULL,
  `updated_at` timestamp NULL DEFAULT NULL
) ENGINE=InnoDB DEFAULT CHARSET=utf8mb4 COLLATE=utf8mb4_unicode_ci;

--
-- Volcado de datos para la tabla `clasificado_galerias`
--

INSERT INTO `clasificado_galerias` (`id`, `clasificado_id`, `imagen`, `created_at`, `updated_at`) VALUES
(2, 1, 'imagen_202509180159506.jpeg', '2025-09-18 06:59:50', '2025-09-18 06:59:50'),
(3, 1, 'imagen_202509180159509.jpeg', '2025-09-18 06:59:50', '2025-09-18 06:59:50'),
(4, 1, 'imagen_202509180159502.jpeg', '2025-09-18 06:59:50', '2025-09-18 06:59:50');

-- --------------------------------------------------------

--
-- Estructura de tabla para la tabla `clients`
--

CREATE TABLE `clients` (
  `id` bigint(20) UNSIGNED NOT NULL,
  `nombre` varchar(255) COLLATE utf8mb4_unicode_ci NOT NULL,
  `cedula` varchar(255) COLLATE utf8mb4_unicode_ci NOT NULL,
  `telefono` varchar(255) COLLATE utf8mb4_unicode_ci NOT NULL,
  `email` varchar(255) COLLATE utf8mb4_unicode_ci NOT NULL,
  `direccion` varchar(255) COLLATE utf8mb4_unicode_ci DEFAULT NULL,
  `descripcion` text COLLATE utf8mb4_unicode_ci,
  `created_at` timestamp NULL DEFAULT NULL,
  `updated_at` timestamp NULL DEFAULT NULL
) ENGINE=InnoDB DEFAULT CHARSET=utf8mb4 COLLATE=utf8mb4_unicode_ci;

--
-- Volcado de datos para la tabla `clients`
--

INSERT INTO `clients` (`id`, `nombre`, `cedula`, `telefono`, `email`, `direccion`, `descripcion`, `created_at`, `updated_at`) VALUES
(1, 'Mario Perez', '1094912960', '3206081298', 'stititiven@gmail.com', 'Cr 20 # 1-18', 'mario perez', '2025-11-19 23:41:09', '2025-11-19 23:41:09');

-- --------------------------------------------------------

--
-- Estructura de tabla para la tabla `configuraciones_parqueaderos`
--

CREATE TABLE `configuraciones_parqueaderos` (
  `id` bigint(20) UNSIGNED NOT NULL,
  `tarifa_por_minuto` decimal(10,2) DEFAULT NULL,
  `minimo_redondeo` int(10) UNSIGNED NOT NULL DEFAULT '50',
  `tarifa_por_hora` decimal(10,2) DEFAULT NULL,
  `minutos_umbral` int(10) UNSIGNED DEFAULT NULL,
  `valor_umbral` decimal(10,2) DEFAULT NULL,
  `minutos_gracia` int(10) UNSIGNED NOT NULL DEFAULT '0',
  `gracia_reactivacion_horas` int(10) UNSIGNED NOT NULL DEFAULT '24',
  `tope_diario_gracia` int(10) UNSIGNED NOT NULL DEFAULT '0',
  `gracia_acumulable` tinyint(1) NOT NULL DEFAULT '1',
  `inicio_banda_dia` time NOT NULL DEFAULT '06:00:00',
  `activo` tinyint(1) NOT NULL DEFAULT '1',
  `created_at` timestamp NULL DEFAULT NULL,
  `updated_at` timestamp NULL DEFAULT NULL
) ENGINE=InnoDB DEFAULT CHARSET=utf8mb4 COLLATE=utf8mb4_unicode_ci;

--
-- Volcado de datos para la tabla `configuraciones_parqueaderos`
--

INSERT INTO `configuraciones_parqueaderos` (`id`, `tarifa_por_minuto`, `minimo_redondeo`, `tarifa_por_hora`, `minutos_umbral`, `valor_umbral`, `minutos_gracia`, `gracia_reactivacion_horas`, `tope_diario_gracia`, `gracia_acumulable`, `inicio_banda_dia`, `activo`, `created_at`, `updated_at`) VALUES
(1, 1.00, 50, 1.00, 1, 1.00, 0, 24, 0, 1, '06:00:00', 1, '2025-09-28 01:58:52', '2025-09-28 02:08:06');

-- --------------------------------------------------------

--
-- Estructura de tabla para la tabla `conjuntos`
--

CREATE TABLE `conjuntos` (
  `id` bigint(20) UNSIGNED NOT NULL,
  `nombre` varchar(255) COLLATE utf8mb4_unicode_ci NOT NULL,
  `direccion` varchar(255) COLLATE utf8mb4_unicode_ci NOT NULL,
  `nit` varchar(255) COLLATE utf8mb4_unicode_ci NOT NULL,
  `icono` varchar(255) COLLATE utf8mb4_unicode_ci NOT NULL,
  `logo` varchar(255) COLLATE utf8mb4_unicode_ci NOT NULL,
  `administrador_id` bigint(20) UNSIGNED NOT NULL,
  `created_at` timestamp NULL DEFAULT NULL,
  `updated_at` timestamp NULL DEFAULT NULL
) ENGINE=InnoDB DEFAULT CHARSET=utf8mb4 COLLATE=utf8mb4_unicode_ci;

--
-- Volcado de datos para la tabla `conjuntos`
--

INSERT INTO `conjuntos` (`id`, `nombre`, `direccion`, `nit`, `icono`, `logo`, `administrador_id`, `created_at`, `updated_at`) VALUES
(1, 'Primavera', 'Calle 30', '11234323432', 'icono_20250901041347.png', 'logo_20250901041347.png', 1, '2025-09-01 21:13:47', '2025-09-01 21:13:47'),
(2, 'Primavera', 'Calle 30', '11234323432', 'icono_20250901041438.png', 'logo_20250901041438.png', 1, '2025-09-01 21:14:38', '2025-09-01 21:14:38');

-- --------------------------------------------------------

--
-- Estructura de tabla para la tabla `correspondencias`
--

CREATE TABLE `correspondencias` (
  `id` bigint(20) UNSIGNED NOT NULL,
  `casa_id` bigint(20) UNSIGNED NOT NULL,
  `luz` int(11) NOT NULL DEFAULT '0',
  `agua` int(11) NOT NULL DEFAULT '0',
  `gas` int(11) NOT NULL DEFAULT '0',
  `mensajes` int(11) NOT NULL DEFAULT '0',
  `domiciliario` int(11) NOT NULL DEFAULT '0',
  `paquetes` int(11) NOT NULL DEFAULT '0',
  `created_at` timestamp NULL DEFAULT NULL,
  `updated_at` timestamp NULL DEFAULT NULL
) ENGINE=InnoDB DEFAULT CHARSET=utf8mb4 COLLATE=utf8mb4_unicode_ci;

--
-- Volcado de datos para la tabla `correspondencias`
--

INSERT INTO `correspondencias` (`id`, `casa_id`, `luz`, `agua`, `gas`, `mensajes`, `domiciliario`, `paquetes`, `created_at`, `updated_at`) VALUES
(1, 1, 0, 0, 0, 0, 0, 0, '2025-09-10 06:32:42', '2025-10-11 21:39:47'),
(2, 2, 0, 0, 3, 0, 0, 0, '2025-09-10 06:32:42', '2025-09-24 06:41:38'),
(3, 3, 1, 3, 5, 0, 0, 0, '2025-09-10 06:32:42', '2025-09-24 06:41:38'),
(4, 4, 1, 3, 5, 0, 0, 0, '2025-09-10 06:32:42', '2025-09-24 06:41:38'),
(5, 5, 1, 3, 5, 0, 0, 0, '2025-09-10 06:32:42', '2025-09-24 06:41:38'),
(6, 6, 1, 3, 5, 0, 0, 0, '2025-09-10 06:32:42', '2025-09-24 06:41:38'),
(7, 7, 1, 3, 5, 0, 0, 0, '2025-09-10 06:32:42', '2025-09-24 06:41:38'),
(8, 8, 1, 3, 5, 0, 0, 0, '2025-09-10 06:32:42', '2025-09-24 06:41:38'),
(9, 9, 1, 3, 5, 0, 0, 0, '2025-09-10 06:32:42', '2025-09-24 06:41:38'),
(10, 10, 1, 3, 5, 0, 0, 0, '2025-09-10 06:32:42', '2025-09-24 06:41:38'),
(11, 11, 1, 3, 5, 0, 0, 0, '2025-09-10 06:32:42', '2025-09-24 06:41:38'),
(12, 12, 1, 3, 5, 0, 0, 0, '2025-09-10 06:32:42', '2025-09-24 06:41:38'),
(13, 13, 1, 3, 5, 0, 0, 0, '2025-09-10 06:32:42', '2025-09-24 06:41:38'),
(14, 14, 1, 3, 5, 0, 0, 0, '2025-09-10 06:32:42', '2025-09-24 06:41:38'),
(15, 15, 1, 3, 5, 0, 0, 0, '2025-09-10 06:32:42', '2025-09-24 06:41:38'),
(16, 16, 1, 3, 5, 0, 0, 0, '2025-09-10 06:32:42', '2025-09-24 06:41:38'),
(17, 17, 1, 3, 5, 0, 0, 0, '2025-09-10 06:32:42', '2025-09-24 06:41:38'),
(18, 18, 1, 3, 5, 0, 0, 0, '2025-09-10 06:32:42', '2025-09-24 06:41:38'),
(19, 19, 1, 3, 5, 0, 0, 0, '2025-09-10 06:32:42', '2025-09-24 06:41:38'),
(20, 20, 1, 3, 5, 0, 0, 0, '2025-09-10 06:32:42', '2025-09-24 06:41:38'),
(21, 21, 1, 3, 5, 0, 0, 0, '2025-09-10 06:32:42', '2025-09-24 06:41:38'),
(22, 22, 1, 3, 5, 0, 0, 0, '2025-09-10 06:32:42', '2025-09-24 06:41:38'),
(23, 23, 1, 3, 5, 0, 0, 0, '2025-09-10 06:32:42', '2025-09-24 06:41:38'),
(24, 24, 1, 3, 5, 0, 0, 0, '2025-09-10 06:32:42', '2025-09-24 06:41:38'),
(25, 25, 1, 3, 5, 0, 0, 0, '2025-09-10 06:32:42', '2025-09-24 06:41:38'),
(26, 26, 1, 3, 5, 0, 0, 0, '2025-09-10 06:32:42', '2025-09-24 06:41:38'),
(27, 27, 1, 3, 5, 0, 0, 0, '2025-09-10 06:32:42', '2025-09-24 06:41:38'),
(28, 28, 1, 3, 5, 0, 0, 0, '2025-09-10 06:32:42', '2025-09-24 06:41:38'),
(29, 29, 1, 3, 5, 0, 0, 0, '2025-09-10 06:32:42', '2025-09-24 06:41:38'),
(30, 30, 1, 3, 5, 0, 0, 0, '2025-09-10 06:32:42', '2025-09-24 06:41:38'),
(31, 31, 1, 3, 5, 0, 0, 0, '2025-09-10 06:32:42', '2025-09-24 06:41:38'),
(32, 32, 1, 3, 5, 0, 0, 0, '2025-09-10 06:32:42', '2025-09-24 06:41:38'),
(33, 33, 1, 3, 5, 0, 0, 0, '2025-09-10 06:32:42', '2025-09-24 06:41:38'),
(34, 34, 1, 3, 5, 0, 0, 0, '2025-09-10 06:32:42', '2025-09-24 06:41:38'),
(35, 35, 1, 3, 5, 0, 0, 0, '2025-09-10 06:32:42', '2025-09-24 06:41:38'),
(36, 36, 1, 3, 5, 0, 0, 0, '2025-09-10 06:32:42', '2025-09-24 06:41:38'),
(37, 37, 1, 3, 5, 0, 0, 0, '2025-09-10 06:32:42', '2025-09-24 06:41:38'),
(38, 38, 1, 3, 5, 0, 0, 0, '2025-09-10 06:32:42', '2025-09-24 06:41:38'),
(39, 39, 1, 3, 5, 0, 0, 0, '2025-09-10 06:32:42', '2025-09-24 06:41:38'),
(40, 40, 1, 3, 5, 0, 0, 0, '2025-09-10 06:32:42', '2025-09-24 06:41:38'),
(41, 41, 1, 3, 5, 0, 0, 0, '2025-09-10 06:32:42', '2025-09-24 06:41:38'),
(42, 42, 1, 3, 5, 0, 0, 0, '2025-09-10 06:32:42', '2025-09-24 06:41:38'),
(43, 43, 1, 3, 5, 0, 0, 0, '2025-09-10 06:32:42', '2025-09-24 06:41:38'),
(44, 44, 1, 3, 5, 0, 0, 0, '2025-09-10 06:32:42', '2025-09-24 06:41:38'),
(45, 45, 1, 3, 5, 0, 0, 0, '2025-09-10 06:32:42', '2025-09-24 06:41:38'),
(46, 46, 1, 3, 5, 0, 0, 0, '2025-09-10 06:32:42', '2025-09-24 06:41:38'),
(47, 47, 1, 3, 5, 0, 0, 0, '2025-09-10 06:32:42', '2025-09-24 06:41:38'),
(48, 48, 1, 3, 5, 0, 0, 0, '2025-09-10 06:32:42', '2025-09-24 06:41:38'),
(49, 49, 1, 3, 5, 0, 0, 0, '2025-09-10 06:32:42', '2025-09-24 06:41:38'),
(50, 50, 1, 3, 5, 0, 0, 0, '2025-09-10 06:32:42', '2025-09-24 06:41:38'),
(51, 51, 1, 3, 5, 0, 0, 0, '2025-09-10 06:32:42', '2025-09-24 06:41:38'),
(52, 52, 1, 3, 5, 0, 0, 0, '2025-09-10 06:32:42', '2025-09-24 06:41:38'),
(53, 53, 1, 3, 5, 0, 0, 0, '2025-09-10 06:32:42', '2025-09-24 06:41:38'),
(54, 54, 1, 3, 5, 0, 0, 0, '2025-09-10 06:32:42', '2025-09-24 06:41:38'),
(55, 55, 1, 3, 5, 0, 0, 0, '2025-09-10 06:32:42', '2025-09-24 06:41:38'),
(56, 56, 1, 3, 5, 0, 0, 0, '2025-09-10 06:32:42', '2025-09-24 06:41:38'),
(57, 57, 1, 3, 5, 0, 0, 0, '2025-09-10 06:32:42', '2025-09-24 06:41:38'),
(58, 58, 1, 3, 5, 0, 0, 0, '2025-09-10 06:32:42', '2025-09-24 06:41:38'),
(59, 59, 1, 3, 5, 0, 0, 0, '2025-09-10 06:32:42', '2025-09-24 06:41:38'),
(60, 60, 1, 3, 5, 0, 0, 0, '2025-09-10 06:32:42', '2025-09-24 06:41:38'),
(61, 61, 1, 3, 5, 0, 0, 0, '2025-09-10 06:32:42', '2025-09-24 06:41:38'),
(62, 62, 1, 3, 5, 0, 0, 0, '2025-09-10 06:32:42', '2025-09-24 06:41:38'),
(63, 63, 1, 3, 5, 0, 0, 0, '2025-09-10 06:32:42', '2025-09-24 06:41:38'),
(64, 64, 1, 3, 5, 0, 0, 0, '2025-09-10 06:32:42', '2025-09-24 06:41:38'),
(65, 65, 1, 3, 5, 0, 0, 0, '2025-09-10 06:32:42', '2025-09-24 06:41:38'),
(66, 66, 1, 3, 5, 0, 0, 0, '2025-09-10 06:32:42', '2025-09-24 06:41:38'),
(67, 67, 1, 3, 5, 0, 0, 0, '2025-09-10 06:32:42', '2025-09-24 06:41:38'),
(68, 68, 1, 3, 5, 0, 0, 0, '2025-09-10 06:32:42', '2025-09-24 06:41:38'),
(69, 69, 1, 3, 5, 0, 0, 0, '2025-09-10 06:32:42', '2025-09-24 06:41:38'),
(70, 70, 1, 3, 5, 0, 0, 0, '2025-09-10 06:32:42', '2025-09-24 06:41:38'),
(71, 71, 1, 3, 5, 0, 0, 0, '2025-09-10 06:32:42', '2025-09-24 06:41:38'),
(72, 72, 1, 3, 5, 0, 0, 0, '2025-09-10 06:32:42', '2025-09-24 06:41:38'),
(73, 73, 1, 3, 5, 0, 0, 0, '2025-09-10 06:32:42', '2025-09-24 06:41:38'),
(74, 74, 1, 3, 5, 0, 0, 0, '2025-09-10 06:32:42', '2025-09-24 06:41:38'),
(75, 75, 1, 3, 5, 0, 0, 0, '2025-09-10 06:32:42', '2025-09-24 06:41:38'),
(76, 76, 1, 3, 5, 0, 0, 0, '2025-09-10 06:32:42', '2025-09-24 06:41:38'),
(77, 77, 1, 3, 5, 0, 0, 0, '2025-09-10 06:32:42', '2025-09-24 06:41:38'),
(78, 78, 1, 3, 5, 0, 0, 0, '2025-09-10 06:32:42', '2025-09-24 06:41:38'),
(79, 79, 1, 3, 5, 0, 0, 0, '2025-09-10 06:32:42', '2025-09-24 06:41:38'),
(80, 80, 1, 3, 5, 0, 0, 0, '2025-09-10 06:32:42', '2025-09-24 06:41:38'),
(81, 81, 1, 3, 5, 0, 0, 0, '2025-09-10 06:32:42', '2025-09-24 06:41:38'),
(82, 82, 1, 3, 5, 0, 0, 0, '2025-09-10 06:32:42', '2025-09-24 06:41:38'),
(83, 83, 1, 3, 5, 0, 0, 0, '2025-09-10 06:32:42', '2025-09-24 06:41:38'),
(84, 84, 1, 3, 5, 0, 0, 0, '2025-09-10 06:32:42', '2025-09-24 06:41:38'),
(85, 85, 1, 3, 5, 0, 0, 0, '2025-09-10 06:32:42', '2025-09-24 06:41:38'),
(86, 86, 1, 3, 5, 0, 0, 0, '2025-09-10 06:32:42', '2025-09-24 06:41:38'),
(87, 87, 1, 3, 5, 0, 0, 0, '2025-09-10 06:32:42', '2025-09-24 06:41:38'),
(88, 88, 1, 3, 5, 0, 0, 0, '2025-09-10 06:32:42', '2025-09-24 06:41:38'),
(89, 89, 1, 3, 5, 0, 0, 0, '2025-09-10 06:32:42', '2025-09-24 06:41:38'),
(90, 90, 1, 3, 5, 0, 0, 0, '2025-09-10 06:32:42', '2025-09-24 06:41:38'),
(91, 91, 1, 3, 5, 0, 0, 0, '2025-09-10 06:32:42', '2025-09-24 06:41:38'),
(92, 92, 1, 3, 5, 0, 0, 0, '2025-09-10 06:32:42', '2025-09-24 06:41:38'),
(93, 93, 1, 3, 5, 0, 0, 0, '2025-09-10 06:32:42', '2025-09-24 06:41:38'),
(94, 94, 1, 3, 5, 0, 0, 0, '2025-09-10 06:32:42', '2025-09-24 06:41:38'),
(95, 95, 1, 3, 5, 0, 0, 0, '2025-09-10 06:32:42', '2025-09-24 06:41:38'),
(96, 96, 1, 3, 5, 0, 0, 0, '2025-09-10 06:32:42', '2025-09-24 06:41:38'),
(97, 97, 1, 3, 5, 0, 0, 0, '2025-09-10 06:32:42', '2025-09-24 06:41:38'),
(98, 98, 1, 3, 5, 0, 0, 0, '2025-09-10 06:32:42', '2025-09-24 06:41:38'),
(99, 99, 1, 3, 5, 0, 0, 0, '2025-09-10 06:32:42', '2025-09-24 06:41:38'),
(100, 100, 1, 3, 5, 0, 0, 0, '2025-09-10 06:32:42', '2025-09-24 06:41:38'),
(101, 101, 1, 3, 5, 0, 0, 0, '2025-09-10 06:32:42', '2025-09-24 06:41:38'),
(102, 102, 1, 3, 5, 0, 0, 0, '2025-09-10 06:32:42', '2025-09-24 06:41:38'),
(103, 103, 1, 3, 5, 0, 0, 0, '2025-09-10 06:32:42', '2025-09-24 06:41:38'),
(104, 104, 1, 3, 5, 0, 0, 0, '2025-09-10 06:32:42', '2025-09-24 06:41:38'),
(105, 105, 1, 3, 5, 0, 0, 0, '2025-09-10 06:32:42', '2025-09-24 06:41:38'),
(106, 106, 1, 3, 5, 0, 0, 0, '2025-09-10 06:32:42', '2025-09-24 06:41:38'),
(107, 107, 1, 3, 5, 0, 0, 0, '2025-09-10 06:32:42', '2025-09-24 06:41:38'),
(108, 108, 1, 3, 5, 0, 0, 0, '2025-09-10 06:32:42', '2025-09-24 06:41:38'),
(109, 109, 1, 3, 5, 0, 0, 0, '2025-09-10 06:32:42', '2025-09-24 06:41:38'),
(110, 110, 1, 3, 5, 0, 0, 0, '2025-09-10 06:32:42', '2025-09-24 06:41:38'),
(111, 111, 1, 3, 5, 0, 0, 0, '2025-09-10 06:32:42', '2025-09-24 06:41:38'),
(112, 112, 1, 3, 5, 0, 0, 0, '2025-09-10 06:32:42', '2025-09-24 06:41:38'),
(113, 113, 1, 3, 5, 0, 0, 0, '2025-09-10 06:32:42', '2025-09-24 06:41:38'),
(114, 114, 1, 3, 5, 0, 0, 0, '2025-09-10 06:32:42', '2025-09-24 06:41:38'),
(115, 115, 1, 3, 5, 0, 0, 0, '2025-09-10 06:32:42', '2025-09-24 06:41:38'),
(116, 116, 1, 3, 5, 0, 0, 0, '2025-09-10 06:32:42', '2025-09-24 06:41:38'),
(117, 117, 1, 3, 5, 0, 0, 0, '2025-09-10 06:32:42', '2025-09-24 06:41:38'),
(118, 118, 1, 3, 5, 0, 0, 0, '2025-09-10 06:32:42', '2025-09-24 06:41:38'),
(119, 119, 1, 3, 5, 0, 0, 0, '2025-09-10 06:32:42', '2025-09-24 06:41:38'),
(120, 120, 1, 3, 5, 0, 0, 0, '2025-09-10 06:32:42', '2025-09-24 06:41:38'),
(121, 121, 1, 3, 5, 0, 0, 0, '2025-09-10 06:32:42', '2025-09-24 06:41:38'),
(122, 122, 1, 3, 5, 0, 0, 0, '2025-09-10 06:32:42', '2025-09-24 06:41:38'),
(123, 123, 1, 3, 5, 0, 0, 0, '2025-09-10 06:32:42', '2025-09-24 06:41:38'),
(124, 124, 1, 3, 5, 0, 0, 0, '2025-09-10 06:32:42', '2025-09-24 06:41:38'),
(125, 125, 1, 3, 5, 0, 0, 0, '2025-09-10 06:32:42', '2025-09-24 06:41:38'),
(126, 126, 0, 0, 3, 0, 0, 0, '2025-09-10 06:32:42', '2025-09-24 06:41:38'),
(127, 127, 1, 3, 5, 0, 0, 0, '2025-09-10 06:32:42', '2025-09-24 06:41:38'),
(128, 128, 1, 3, 5, 0, 0, 0, '2025-09-10 06:32:42', '2025-09-24 06:41:38'),
(129, 129, 1, 3, 5, 0, 0, 0, '2025-09-10 06:32:42', '2025-09-24 06:41:38'),
(130, 130, 0, 0, 3, 0, 0, 0, '2025-09-10 06:32:42', '2025-09-24 06:41:38'),
(131, 131, 1, 3, 5, 0, 0, 0, '2025-09-10 06:32:42', '2025-09-24 06:41:38'),
(132, 132, 1, 3, 5, 0, 0, 0, '2025-09-10 06:32:42', '2025-09-24 06:41:38'),
(133, 133, 1, 3, 5, 0, 0, 0, '2025-09-10 06:32:42', '2025-09-24 06:41:38'),
(134, 134, 1, 3, 5, 0, 0, 0, '2025-09-10 06:32:42', '2025-09-24 06:41:38'),
(135, 135, 1, 3, 5, 0, 0, 0, '2025-09-10 06:32:42', '2025-09-24 06:41:38'),
(136, 136, 1, 3, 5, 0, 0, 0, '2025-09-10 06:32:42', '2025-09-24 06:41:38');

-- --------------------------------------------------------

--
-- Estructura de tabla para la tabla `directorios`
--

CREATE TABLE `directorios` (
  `id` bigint(20) UNSIGNED NOT NULL,
  `nombre` varchar(255) COLLATE utf8mb4_unicode_ci NOT NULL,
  `telefono` varchar(255) COLLATE utf8mb4_unicode_ci NOT NULL,
  `created_at` timestamp NULL DEFAULT NULL,
  `updated_at` timestamp NULL DEFAULT NULL
) ENGINE=InnoDB DEFAULT CHARSET=utf8mb4 COLLATE=utf8mb4_unicode_ci;

--
-- Volcado de datos para la tabla `directorios`
--

INSERT INTO `directorios` (`id`, `nombre`, `telefono`, `created_at`, `updated_at`) VALUES
(1, 'Primavera', '987654321', '2025-10-18 21:19:45', '2025-10-18 21:19:45');

-- --------------------------------------------------------

--
-- Estructura de tabla para la tabla `empleados`
--

CREATE TABLE `empleados` (
  `id` bigint(20) UNSIGNED NOT NULL,
  `foto` varchar(255) COLLATE utf8mb4_unicode_ci NOT NULL,
  `puesto` varchar(255) COLLATE utf8mb4_unicode_ci NOT NULL,
  `nombre` varchar(255) COLLATE utf8mb4_unicode_ci NOT NULL,
  `created_at` timestamp NULL DEFAULT NULL,
  `updated_at` timestamp NULL DEFAULT NULL
) ENGINE=InnoDB DEFAULT CHARSET=utf8mb4 COLLATE=utf8mb4_unicode_ci;

-- --------------------------------------------------------

--
-- Estructura de tabla para la tabla `emprendimientos`
--

CREATE TABLE `emprendimientos` (
  `id` bigint(20) UNSIGNED NOT NULL,
  `titulo` varchar(255) COLLATE utf8mb4_unicode_ci NOT NULL,
  `imagen` varchar(255) COLLATE utf8mb4_unicode_ci NOT NULL,
  `mes` varchar(255) COLLATE utf8mb4_unicode_ci NOT NULL,
  `instagram` varchar(255) COLLATE utf8mb4_unicode_ci NOT NULL,
  `whatsapp` varchar(255) COLLATE utf8mb4_unicode_ci NOT NULL,
  `created_at` timestamp NULL DEFAULT NULL,
  `updated_at` timestamp NULL DEFAULT NULL
) ENGINE=InnoDB DEFAULT CHARSET=utf8mb4 COLLATE=utf8mb4_unicode_ci;

--
-- Volcado de datos para la tabla `emprendimientos`
--

INSERT INTO `emprendimientos` (`id`, `titulo`, `imagen`, `mes`, `instagram`, `whatsapp`, `created_at`, `updated_at`) VALUES
(1, 'Plantilla Ejemplo', 'file_202510140301212.jpeg', '-', 'https://www.facebook.com', '3206081298', '2025-10-14 08:01:21', '2025-10-14 08:01:21');

-- --------------------------------------------------------

--
-- Estructura de tabla para la tabla `encuestas`
--

CREATE TABLE `encuestas` (
  `id` bigint(20) UNSIGNED NOT NULL,
  `mes` varchar(255) COLLATE utf8mb4_unicode_ci NOT NULL,
  `estado` varchar(255) COLLATE utf8mb4_unicode_ci NOT NULL,
  `descripcion` longtext COLLATE utf8mb4_unicode_ci NOT NULL,
  `opciones` varchar(255) COLLATE utf8mb4_unicode_ci NOT NULL,
  `tipo_residente` varchar(255) COLLATE utf8mb4_unicode_ci NOT NULL,
  `created_at` timestamp NULL DEFAULT NULL,
  `updated_at` timestamp NULL DEFAULT NULL
) ENGINE=InnoDB DEFAULT CHARSET=utf8mb4 COLLATE=utf8mb4_unicode_ci;

--
-- Volcado de datos para la tabla `encuestas`
--

INSERT INTO `encuestas` (`id`, `mes`, `estado`, `descripcion`, `opciones`, `tipo_residente`, `created_at`, `updated_at`) VALUES
(1, 'Febrero', 'Activo', 'qwertyghjkhgfdseaw', 'Si/No', 'Arrendatario', '2025-10-18 21:17:33', '2025-10-18 21:17:33');

-- --------------------------------------------------------

--
-- Estructura de tabla para la tabla `encuestas_respuestas`
--

CREATE TABLE `encuestas_respuestas` (
  `id` bigint(20) UNSIGNED NOT NULL,
  `respuesta` varchar(255) COLLATE utf8mb4_unicode_ci DEFAULT NULL,
  `encuesta_id` bigint(20) UNSIGNED DEFAULT NULL,
  `usuario_id` bigint(20) UNSIGNED DEFAULT NULL,
  `created_at` timestamp NULL DEFAULT NULL,
  `updated_at` timestamp NULL DEFAULT NULL
) ENGINE=InnoDB DEFAULT CHARSET=utf8mb4 COLLATE=utf8mb4_unicode_ci;

-- --------------------------------------------------------

--
-- Estructura de tabla para la tabla `failed_jobs`
--

CREATE TABLE `failed_jobs` (
  `id` bigint(20) UNSIGNED NOT NULL,
  `uuid` varchar(255) COLLATE utf8mb4_unicode_ci NOT NULL,
  `connection` text COLLATE utf8mb4_unicode_ci NOT NULL,
  `queue` text COLLATE utf8mb4_unicode_ci NOT NULL,
  `payload` longtext COLLATE utf8mb4_unicode_ci NOT NULL,
  `exception` longtext COLLATE utf8mb4_unicode_ci NOT NULL,
  `failed_at` timestamp NOT NULL DEFAULT CURRENT_TIMESTAMP
) ENGINE=InnoDB DEFAULT CHARSET=utf8mb4 COLLATE=utf8mb4_unicode_ci;

-- --------------------------------------------------------

--
-- Estructura de tabla para la tabla `foros`
--

CREATE TABLE `foros` (
  `id` bigint(20) UNSIGNED NOT NULL,
  `mes` varchar(255) COLLATE utf8mb4_unicode_ci NOT NULL,
  `titulo` varchar(255) COLLATE utf8mb4_unicode_ci NOT NULL,
  `descripcion` longtext COLLATE utf8mb4_unicode_ci NOT NULL,
  `estado` varchar(255) COLLATE utf8mb4_unicode_ci NOT NULL,
  `created_at` timestamp NULL DEFAULT NULL,
  `updated_at` timestamp NULL DEFAULT NULL
) ENGINE=InnoDB DEFAULT CHARSET=utf8mb4 COLLATE=utf8mb4_unicode_ci;

--
-- Volcado de datos para la tabla `foros`
--

INSERT INTO `foros` (`id`, `mes`, `titulo`, `descripcion`, `estado`, `created_at`, `updated_at`) VALUES
(1, 'Enero', 'Plantilla Ejemplo', 'lore ipsum', 'Activo', '2025-09-16 05:30:40', '2025-09-16 05:30:40');

-- --------------------------------------------------------

--
-- Estructura de tabla para la tabla `galeria_conjuntos`
--

CREATE TABLE `galeria_conjuntos` (
  `id` bigint(20) UNSIGNED NOT NULL,
  `imagen` varchar(255) COLLATE utf8mb4_unicode_ci NOT NULL,
  `descripcion` longtext COLLATE utf8mb4_unicode_ci NOT NULL,
  `created_at` timestamp NULL DEFAULT NULL,
  `updated_at` timestamp NULL DEFAULT NULL
) ENGINE=InnoDB DEFAULT CHARSET=utf8mb4 COLLATE=utf8mb4_unicode_ci;

--
-- Volcado de datos para la tabla `galeria_conjuntos`
--

INSERT INTO `galeria_conjuntos` (`id`, `imagen`, `descripcion`, `created_at`, `updated_at`) VALUES
(1, 'imagen_20251018034514.jpeg', 'wertyjyerwqerwteyrtuy', '2025-10-18 20:45:14', '2025-10-18 20:45:14');

-- --------------------------------------------------------

--
-- Estructura de tabla para la tabla `galeria_emprendimientos`
--

CREATE TABLE `galeria_emprendimientos` (
  `id` bigint(20) UNSIGNED NOT NULL,
  `imagen` varchar(255) COLLATE utf8mb4_unicode_ci NOT NULL,
  `emprendimiento_id` bigint(20) UNSIGNED NOT NULL,
  `created_at` timestamp NULL DEFAULT NULL,
  `updated_at` timestamp NULL DEFAULT NULL
) ENGINE=InnoDB DEFAULT CHARSET=utf8mb4 COLLATE=utf8mb4_unicode_ci;

-- --------------------------------------------------------

--
-- Estructura de tabla para la tabla `informacion_conjuntos`
--

CREATE TABLE `informacion_conjuntos` (
  `id` bigint(20) UNSIGNED NOT NULL,
  `conjunto_id` bigint(20) UNSIGNED NOT NULL,
  `dias` text COLLATE utf8mb4_unicode_ci,
  `texto_horas` text COLLATE utf8mb4_unicode_ci,
  `texto_adicional` text COLLATE utf8mb4_unicode_ci,
  `created_at` timestamp NULL DEFAULT NULL,
  `updated_at` timestamp NULL DEFAULT NULL
) ENGINE=InnoDB DEFAULT CHARSET=utf8mb4 COLLATE=utf8mb4_unicode_ci;

--
-- Volcado de datos para la tabla `informacion_conjuntos`
--

INSERT INTO `informacion_conjuntos` (`id`, `conjunto_id`, `dias`, `texto_horas`, `texto_adicional`, `created_at`, `updated_at`) VALUES
(2, 1, 'Lunes y Miercoles', '8:00 am a 10:00 am', 'de seguido', '2025-09-12 05:54:45', '2025-09-12 05:54:45'),
(3, 1, 'Martes y Viernes', '1:00 pm a 5:00 pm', 'de corrido', '2025-09-12 05:59:05', '2025-09-12 05:59:05'),
(4, 1, 'Jueves a Sabados', '11:00 am a 5:00 pm', 'jornada continua', '2025-09-12 08:07:23', '2025-09-12 08:07:23');

-- --------------------------------------------------------

--
-- Estructura de tabla para la tabla `invoices`
--

CREATE TABLE `invoices` (
  `id` bigint(20) UNSIGNED NOT NULL,
  `invoice_number` varchar(255) COLLATE utf8mb4_unicode_ci NOT NULL,
  `client_id` bigint(20) UNSIGNED NOT NULL,
  `vehicle_id` bigint(20) UNSIGNED NOT NULL,
  `amount` varchar(255) COLLATE utf8mb4_unicode_ci NOT NULL,
  `invoice_date` date NOT NULL,
  `description` text COLLATE utf8mb4_unicode_ci,
  `created_at` timestamp NULL DEFAULT NULL,
  `updated_at` timestamp NULL DEFAULT NULL
) ENGINE=InnoDB DEFAULT CHARSET=utf8mb4 COLLATE=utf8mb4_unicode_ci;

--
-- Volcado de datos para la tabla `invoices`
--

INSERT INTO `invoices` (`id`, `invoice_number`, `client_id`, `vehicle_id`, `amount`, `invoice_date`, `description`, `created_at`, `updated_at`) VALUES
(1, '1123213', 1, 1, '1000', '2025-11-19', 'test', '2025-11-19 23:48:17', '2025-11-19 23:48:17');

-- --------------------------------------------------------

--
-- Estructura de tabla para la tabla `log_sistemas`
--

CREATE TABLE `log_sistemas` (
  `id` bigint(20) UNSIGNED NOT NULL,
  `accion` varchar(255) COLLATE utf8mb4_unicode_ci NOT NULL,
  `datos` json DEFAULT NULL,
  `usuario_id` bigint(20) UNSIGNED DEFAULT NULL,
  `created_at` timestamp NULL DEFAULT NULL,
  `updated_at` timestamp NULL DEFAULT NULL
) ENGINE=InnoDB DEFAULT CHARSET=utf8mb4 COLLATE=utf8mb4_unicode_ci;

--
-- Volcado de datos para la tabla `log_sistemas`
--

INSERT INTO `log_sistemas` (`id`, `accion`, `datos`, `usuario_id`, `created_at`, `updated_at`) VALUES
(1, 'Store Conjunto, Bloques y Aptos', '\"{\\\"_token\\\":\\\"B6ivP6s9PV8qg3eIas6JJya4Y0ypnbAImOngDrSM\\\",\\\"nombre\\\":\\\"Primavera\\\",\\\"direccion\\\":\\\"Calle 30\\\",\\\"nit\\\":\\\"11234323432\\\",\\\"administrador_id\\\":\\\"1\\\",\\\"numero_casas\\\":\\\"10\\\",\\\"icono\\\":{},\\\"logo\\\":{}}\"', 1, '2025-09-01 21:13:47', NULL),
(2, 'Store Conjunto, Bloques y Aptos', '\"{\\\"_token\\\":\\\"B6ivP6s9PV8qg3eIas6JJya4Y0ypnbAImOngDrSM\\\",\\\"nombre\\\":\\\"Primavera\\\",\\\"direccion\\\":\\\"Calle 30\\\",\\\"nit\\\":\\\"11234323432\\\",\\\"administrador_id\\\":\\\"1\\\",\\\"numero_casas\\\":\\\"10\\\",\\\"icono\\\":{},\\\"logo\\\":{}}\"', 1, '2025-09-01 21:14:38', NULL),
(3, 'Store casa - Conjunto', '{\"id\": 1, \"codigo\": \"CA-0414381\", \"nombre\": \"Casa 1\", \"conjunto_id\": 2}', 1, '2025-09-01 21:14:38', NULL),
(4, 'Store casa - Conjunto', '{\"id\": 2, \"codigo\": \"CA-0414382\", \"nombre\": \"Casa 2\", \"conjunto_id\": 2}', 1, '2025-09-01 21:14:38', NULL),
(5, 'Store casa - Conjunto', '{\"id\": 3, \"codigo\": \"CA-0414383\", \"nombre\": \"Casa 3\", \"conjunto_id\": 2}', 1, '2025-09-01 21:14:38', NULL),
(6, 'Store casa - Conjunto', '{\"id\": 4, \"codigo\": \"CA-0414384\", \"nombre\": \"Casa 4\", \"conjunto_id\": 2}', 1, '2025-09-01 21:14:38', NULL),
(7, 'Store casa - Conjunto', '{\"id\": 5, \"codigo\": \"CA-0414385\", \"nombre\": \"Casa 5\", \"conjunto_id\": 2}', 1, '2025-09-01 21:14:38', NULL),
(8, 'Store casa - Conjunto', '{\"id\": 6, \"codigo\": \"CA-0414386\", \"nombre\": \"Casa 6\", \"conjunto_id\": 2}', 1, '2025-09-01 21:14:38', NULL),
(9, 'Store casa - Conjunto', '{\"id\": 7, \"codigo\": \"CA-0414387\", \"nombre\": \"Casa 7\", \"conjunto_id\": 2}', 1, '2025-09-01 21:14:38', NULL),
(10, 'Store casa - Conjunto', '{\"id\": 8, \"codigo\": \"CA-0414388\", \"nombre\": \"Casa 8\", \"conjunto_id\": 2}', 1, '2025-09-01 21:14:38', NULL),
(11, 'Store casa - Conjunto', '{\"id\": 9, \"codigo\": \"CA-0414389\", \"nombre\": \"Casa 9\", \"conjunto_id\": 2}', 1, '2025-09-01 21:14:38', NULL),
(12, 'Store casa - Conjunto', '{\"id\": 10, \"codigo\": \"CA-04143810\", \"nombre\": \"Casa 10\", \"conjunto_id\": 2}', 1, '2025-09-01 21:14:38', NULL),
(13, 'Actualizacion Casa', '\"{\\\"_token\\\":\\\"MoXsMfu9hwfpZoRZnJxxUhlMflOXSJJHmABdcj3F\\\",\\\"casa_id\\\":\\\"1\\\",\\\"codigo\\\":\\\"CA-0414381\\\",\\\"conjunto_id\\\":\\\"2\\\",\\\"nombre\\\":\\\"Casa 1\\\",\\\"telefono_uno\\\":\\\"12312\\\",\\\"telefono_dos\\\":\\\"11231\\\",\\\"telefono_tres\\\":\\\"1231\\\",\\\"telefono_cuatro\\\":\\\"123\\\",\\\"telefono_cinco\\\":\\\"1231\\\"}\"', 1, '2025-09-05 06:46:51', NULL),
(14, 'Actualizacion Casa', '\"{\\\"_token\\\":\\\"MoXsMfu9hwfpZoRZnJxxUhlMflOXSJJHmABdcj3F\\\",\\\"casa_id\\\":\\\"1\\\",\\\"codigo\\\":\\\"CA-0414381\\\",\\\"conjunto_id\\\":\\\"2\\\",\\\"nombre\\\":\\\"Casa 1\\\",\\\"telefono_uno\\\":\\\"11111\\\",\\\"telefono_dos\\\":\\\"222222\\\",\\\"telefono_tres\\\":\\\"333333\\\",\\\"telefono_cuatro\\\":\\\"44444\\\",\\\"telefono_cinco\\\":\\\"555555\\\"}\"', 1, '2025-09-05 06:49:10', NULL),
(15, 'Actualizacion Casa', '\"{\\\"_token\\\":\\\"MoXsMfu9hwfpZoRZnJxxUhlMflOXSJJHmABdcj3F\\\",\\\"casa_id\\\":\\\"1\\\",\\\"codigo\\\":\\\"CA-0414381\\\",\\\"conjunto_id\\\":\\\"2\\\",\\\"nombre\\\":\\\"Casa 1\\\",\\\"telefono_uno\\\":\\\"2222\\\",\\\"telefono_dos\\\":\\\"222222\\\",\\\"telefono_tres\\\":\\\"333333\\\",\\\"telefono_cuatro\\\":\\\"44444\\\",\\\"telefono_cinco\\\":\\\"555555\\\"}\"', 1, '2025-09-05 06:49:37', NULL),
(16, 'Registro Actividad', '\"{\\\"_token\\\":\\\"ahTeZGpJ4zZT5aiI3rAZL2GV41B2mS3YHMobSERe\\\",\\\"estado\\\":\\\"Pendiente\\\",\\\"descripcion\\\":\\\"test actividad\\\"}\"', 1, '2025-09-07 01:27:26', NULL),
(17, 'tarifasPrqueadero Store', '\"{\\\"_token\\\":\\\"w3AmDRWXlj15M7FgknFGDzFwHKI6vz8WNgkqY6a1\\\",\\\"tipo_vehiculo\\\":\\\"carro\\\",\\\"tarifa_hora\\\":\\\"0\\\",\\\"tarifa_minuto\\\":\\\"0\\\",\\\"tarifa_umbral\\\":\\\"0\\\",\\\"tarifa_dia\\\":\\\"0\\\",\\\"tarifa_noche\\\":\\\"0\\\",\\\"tarifa_mes\\\":\\\"0\\\"}\"', 1, '2025-09-08 01:39:23', NULL),
(18, 'tarifasPrqueadero Store', '\"{\\\"_token\\\":\\\"w3AmDRWXlj15M7FgknFGDzFwHKI6vz8WNgkqY6a1\\\",\\\"tarifa_id\\\":\\\"1\\\",\\\"tipo_vehiculo\\\":\\\"carro\\\",\\\"tarifa_hora\\\":\\\"0\\\",\\\"tarifa_minuto\\\":\\\"0\\\",\\\"tarifa_umbral\\\":\\\"0\\\",\\\"tarifa_dia\\\":\\\"0\\\",\\\"tarifa_noche\\\":\\\"0\\\",\\\"tarifa_mes\\\":\\\"0\\\"}\"', 1, '2025-09-08 01:50:26', NULL),
(19, 'Correspondencia Sumar luz', '\"{\\\"id\\\":\\\"1\\\",\\\"elemento\\\":\\\"luz\\\"}\"', 1, '2025-09-10 06:01:50', NULL),
(20, 'Correspondencia Sumar luz', '\"{\\\"id\\\":\\\"1\\\",\\\"elemento\\\":\\\"luz\\\"}\"', 1, '2025-09-10 06:01:50', NULL),
(21, 'Correspondencia Sumar luz', '\"{\\\"id\\\":\\\"1\\\",\\\"elemento\\\":\\\"luz\\\"}\"', 1, '2025-09-10 06:01:50', NULL),
(22, 'Correspondencia Sumar luz', '\"{\\\"id\\\":\\\"1\\\",\\\"elemento\\\":\\\"luz\\\"}\"', 1, '2025-09-10 06:01:51', NULL),
(23, 'Correspondencia Restar luz', '\"{\\\"id\\\":\\\"1\\\",\\\"elemento\\\":\\\"luz\\\"}\"', 1, '2025-09-10 06:01:52', NULL),
(24, 'Correspondencia Restar luz', '\"{\\\"id\\\":\\\"1\\\",\\\"elemento\\\":\\\"luz\\\"}\"', 1, '2025-09-10 06:01:54', NULL),
(25, 'Correspondencia Restar luz', '\"{\\\"id\\\":\\\"1\\\",\\\"elemento\\\":\\\"luz\\\"}\"', 1, '2025-09-10 06:01:54', NULL),
(26, 'Correspondencia Restar luz', '\"{\\\"id\\\":\\\"1\\\",\\\"elemento\\\":\\\"luz\\\"}\"', 1, '2025-09-10 06:02:01', NULL),
(27, 'Correspondencia Restar luz', '\"{\\\"id\\\":\\\"1\\\",\\\"elemento\\\":\\\"luz\\\"}\"', 1, '2025-09-10 06:02:01', NULL),
(28, 'Correspondencia Sumar luz', '\"{\\\"id\\\":\\\"1\\\",\\\"elemento\\\":\\\"luz\\\"}\"', 1, '2025-09-10 06:02:03', NULL),
(29, 'Correspondencia Sumar luz', '\"{\\\"id\\\":\\\"1\\\",\\\"elemento\\\":\\\"luz\\\"}\"', 1, '2025-09-10 06:02:04', NULL),
(30, 'Correspondencia Sumar luz', '\"{\\\"id\\\":\\\"1\\\",\\\"elemento\\\":\\\"luz\\\"}\"', 1, '2025-09-10 06:02:04', NULL),
(31, 'Correspondencia Sumar luz', '\"{\\\"id\\\":\\\"1\\\",\\\"elemento\\\":\\\"luz\\\"}\"', 1, '2025-09-10 06:02:04', NULL),
(32, 'Correspondencia Sumar luz', '\"{\\\"id\\\":\\\"1\\\",\\\"elemento\\\":\\\"luz\\\"}\"', 1, '2025-09-10 06:02:04', NULL),
(33, 'Correspondencia Sumar mensajes', '\"{\\\"id\\\":\\\"1\\\",\\\"elemento\\\":\\\"mensajes\\\"}\"', 1, '2025-09-10 06:02:06', NULL),
(34, 'Correspondencia Sumar mensajes', '\"{\\\"id\\\":\\\"1\\\",\\\"elemento\\\":\\\"mensajes\\\"}\"', 1, '2025-09-10 06:02:06', NULL),
(35, 'Correspondencia Sumar mensajes', '\"{\\\"id\\\":\\\"1\\\",\\\"elemento\\\":\\\"mensajes\\\"}\"', 1, '2025-09-10 06:02:06', NULL),
(36, 'Correspondencia Sumar mensajes', '\"{\\\"id\\\":\\\"1\\\",\\\"elemento\\\":\\\"mensajes\\\"}\"', 1, '2025-09-10 06:02:06', NULL),
(37, 'Correspondencia Sumar mensajes', '\"{\\\"id\\\":\\\"1\\\",\\\"elemento\\\":\\\"mensajes\\\"}\"', 1, '2025-09-10 06:02:06', NULL),
(38, 'Correspondencia Sumar gas', '\"{\\\"id\\\":\\\"1\\\",\\\"elemento\\\":\\\"gas\\\"}\"', 1, '2025-09-10 06:02:08', NULL),
(39, 'Correspondencia Sumar gas', '\"{\\\"id\\\":\\\"1\\\",\\\"elemento\\\":\\\"gas\\\"}\"', 1, '2025-09-10 06:02:08', NULL),
(40, 'Correspondencia Sumar gas', '\"{\\\"id\\\":\\\"1\\\",\\\"elemento\\\":\\\"gas\\\"}\"', 1, '2025-09-10 06:02:08', NULL),
(41, 'Correspondencia Sumar luz', '\"{\\\"id\\\":\\\"1\\\",\\\"elemento\\\":\\\"luz\\\"}\"', 1, '2025-09-10 06:33:04', NULL),
(42, 'Correspondencia Sumar luz', '\"{\\\"id\\\":\\\"1\\\",\\\"elemento\\\":\\\"luz\\\"}\"', 1, '2025-09-10 06:33:04', NULL),
(43, 'Correspondencia Sumar luz', '\"{\\\"id\\\":\\\"1\\\",\\\"elemento\\\":\\\"luz\\\"}\"', 1, '2025-09-10 06:33:04', NULL),
(44, 'Correspondencia Sumar luz', '\"{\\\"id\\\":\\\"1\\\",\\\"elemento\\\":\\\"luz\\\"}\"', 1, '2025-09-10 06:33:05', NULL),
(45, 'Correspondencia Sumar luz', '\"{\\\"id\\\":\\\"1\\\",\\\"elemento\\\":\\\"luz\\\"}\"', 1, '2025-09-10 06:33:05', NULL),
(46, 'Correspondencia Sumar luz', '\"{\\\"id\\\":\\\"1\\\",\\\"elemento\\\":\\\"luz\\\"}\"', 1, '2025-09-10 06:33:05', NULL),
(47, 'Correspondencia Sumar luz', '\"{\\\"id\\\":\\\"1\\\",\\\"elemento\\\":\\\"luz\\\"}\"', 1, '2025-09-10 06:33:05', NULL),
(48, 'Correspondencia Sumar agua', '\"{\\\"id\\\":\\\"1\\\",\\\"elemento\\\":\\\"agua\\\"}\"', 1, '2025-09-10 06:33:06', NULL),
(49, 'Correspondencia Sumar agua', '\"{\\\"id\\\":\\\"1\\\",\\\"elemento\\\":\\\"agua\\\"}\"', 1, '2025-09-10 06:33:06', NULL),
(50, 'Correspondencia Sumar agua', '\"{\\\"id\\\":\\\"1\\\",\\\"elemento\\\":\\\"agua\\\"}\"', 1, '2025-09-10 06:33:06', NULL),
(51, 'Correspondencia Restar gas', '\"{\\\"id\\\":\\\"1\\\",\\\"elemento\\\":\\\"gas\\\"}\"', 1, '2025-09-10 06:33:07', NULL),
(52, 'Correspondencia Restar gas', '\"{\\\"id\\\":\\\"1\\\",\\\"elemento\\\":\\\"gas\\\"}\"', 1, '2025-09-10 06:33:07', NULL),
(53, 'Correspondencia Sumar gas', '\"{\\\"id\\\":\\\"1\\\",\\\"elemento\\\":\\\"gas\\\"}\"', 1, '2025-09-10 06:33:08', NULL),
(54, 'Correspondencia Sumar gas', '\"{\\\"id\\\":\\\"1\\\",\\\"elemento\\\":\\\"gas\\\"}\"', 1, '2025-09-10 06:33:08', NULL),
(55, 'Correspondencia Sumar gas', '\"{\\\"id\\\":\\\"1\\\",\\\"elemento\\\":\\\"gas\\\"}\"', 1, '2025-09-10 06:33:09', NULL),
(56, 'Correspondencia Sumar gas', '\"{\\\"id\\\":\\\"1\\\",\\\"elemento\\\":\\\"gas\\\"}\"', 1, '2025-09-10 06:33:09', NULL),
(57, 'Correspondencia Sumar gas', '\"{\\\"id\\\":\\\"1\\\",\\\"elemento\\\":\\\"gas\\\"}\"', 1, '2025-09-10 06:33:09', NULL),
(58, 'Correspondencia Sumar paquetes', '\"{\\\"id\\\":\\\"1\\\",\\\"elemento\\\":\\\"paquetes\\\"}\"', 1, '2025-09-10 06:33:10', NULL),
(59, 'Correspondencia Sumar paquetes', '\"{\\\"id\\\":\\\"1\\\",\\\"elemento\\\":\\\"paquetes\\\"}\"', 1, '2025-09-10 06:33:10', NULL),
(60, 'Correspondencia Sumar paquetes', '\"{\\\"id\\\":\\\"1\\\",\\\"elemento\\\":\\\"paquetes\\\"}\"', 1, '2025-09-10 06:33:11', NULL),
(61, 'Correspondencia Sumar paquetes', '\"{\\\"id\\\":\\\"1\\\",\\\"elemento\\\":\\\"paquetes\\\"}\"', 1, '2025-09-10 06:33:11', NULL),
(62, 'Correspondencia Sumar mensajes', '\"{\\\"id\\\":\\\"1\\\",\\\"elemento\\\":\\\"mensajes\\\"}\"', 1, '2025-09-10 06:33:11', NULL),
(63, 'Correspondencia Sumar mensajes', '\"{\\\"id\\\":\\\"1\\\",\\\"elemento\\\":\\\"mensajes\\\"}\"', 1, '2025-09-10 06:33:12', NULL),
(64, 'Correspondencia Sumar mensajes', '\"{\\\"id\\\":\\\"1\\\",\\\"elemento\\\":\\\"mensajes\\\"}\"', 1, '2025-09-10 06:33:12', NULL),
(65, 'Store Directorio', '\"{\\\"_token\\\":\\\"TtXcXPnLAFupUL4IhE5YnIen52vxmZGjgzxoO1Sl\\\",\\\"nombre\\\":\\\"Primavera\\\",\\\"telefono\\\":\\\"erwerwerw\\\"}\"', 1, '2025-09-18 05:24:32', NULL),
(66, 'Eliminacion Numero directorio', '{\"id\": \"1\"}', 1, '2025-09-18 05:25:05', NULL),
(67, 'Clasificado Store', '\"{\\\"_token\\\":\\\"TtXcXPnLAFupUL4IhE5YnIen52vxmZGjgzxoO1Sl\\\",\\\"casa_id\\\":\\\"1\\\",\\\"estado\\\":\\\"Venta\\\",\\\"adicional\\\":\\\"whatsap: 3203456789\\\",\\\"descripcion\\\":\\\"wertytrewertyu\\\",\\\"foto\\\":{}}\"', 1, '2025-09-18 06:58:32', NULL),
(68, 'Clasificado Update', '\"{\\\"_token\\\":\\\"TtXcXPnLAFupUL4IhE5YnIen52vxmZGjgzxoO1Sl\\\",\\\"clasificado_id\\\":\\\"1\\\",\\\"casa_id\\\":\\\"4\\\",\\\"estado\\\":\\\"Venta\\\",\\\"adicional\\\":\\\"whatsap: 3203456789\\\",\\\"descripcion\\\":\\\"wertytrewertyu\\\"}\"', 1, '2025-09-18 07:06:57', NULL),
(69, 'Registro Actividad', '\"{\\\"_token\\\":\\\"TtXcXPnLAFupUL4IhE5YnIen52vxmZGjgzxoO1Sl\\\",\\\"estado\\\":\\\"En Proceso\\\",\\\"descripcion\\\":\\\"test actividades\\\"}\"', 1, '2025-09-18 07:50:42', NULL),
(70, 'Actualización Actividad', '\"{\\\"actividad_id\\\":\\\"1\\\",\\\"_token\\\":\\\"TtXcXPnLAFupUL4IhE5YnIen52vxmZGjgzxoO1Sl\\\",\\\"estado\\\":\\\"Pendiente\\\",\\\"descripcion\\\":\\\"test actividad\\\"}\"', 1, '2025-09-18 07:51:23', NULL),
(71, 'Actualización Actividad', '\"{\\\"actividad_id\\\":\\\"1\\\",\\\"_token\\\":\\\"TtXcXPnLAFupUL4IhE5YnIen52vxmZGjgzxoO1Sl\\\",\\\"estado\\\":\\\"Pendiente\\\",\\\"descripcion\\\":\\\"test actividad\\\"}\"', 1, '2025-09-18 07:51:45', NULL),
(72, 'Registro Actividad', '\"{\\\"_token\\\":\\\"P96iu3h6k7vGzvMvI9j4yANbu0r2WZWIDOGwhXmw\\\",\\\"estado\\\":\\\"Pendiente\\\",\\\"descripcion\\\":\\\"werwerwerwe\\\"}\"', 1, '2025-09-20 05:30:25', NULL),
(73, 'Registro Actividad', '\"{\\\"_token\\\":\\\"P96iu3h6k7vGzvMvI9j4yANbu0r2WZWIDOGwhXmw\\\",\\\"estado\\\":\\\"En Proceso\\\",\\\"descripcion\\\":\\\"werwerwerwerwer\\\"}\"', 1, '2025-09-20 05:30:31', NULL),
(74, 'Correspondencia Sumar domiciliario', '\"{\\\"id\\\":\\\"1\\\",\\\"elemento\\\":\\\"domiciliario\\\"}\"', 1, '2025-09-23 06:32:32', NULL),
(75, 'Correspondencia Sumar domiciliario', '\"{\\\"id\\\":\\\"1\\\",\\\"elemento\\\":\\\"domiciliario\\\"}\"', 1, '2025-09-23 06:32:33', NULL),
(76, 'Correspondencia Sumar domiciliario', '\"{\\\"id\\\":\\\"1\\\",\\\"elemento\\\":\\\"domiciliario\\\"}\"', 1, '2025-09-23 06:32:33', NULL),
(77, 'Correspondencia Restar domiciliario', '\"{\\\"id\\\":\\\"1\\\",\\\"elemento\\\":\\\"domiciliario\\\"}\"', 1, '2025-09-23 06:32:37', NULL),
(78, 'Correspondencia Restar domiciliario', '\"{\\\"id\\\":\\\"1\\\",\\\"elemento\\\":\\\"domiciliario\\\"}\"', 1, '2025-09-23 06:32:39', NULL),
(79, 'Correspondencia Sumar domiciliario', '\"{\\\"id\\\":\\\"1\\\",\\\"elemento\\\":\\\"domiciliario\\\"}\"', 1, '2025-09-23 06:32:41', NULL),
(80, 'Correspondencia Sumar domiciliario', '\"{\\\"id\\\":\\\"1\\\",\\\"elemento\\\":\\\"domiciliario\\\"}\"', 1, '2025-09-23 06:32:41', NULL),
(81, 'Correspondencia Sumar domiciliario', '\"{\\\"id\\\":\\\"1\\\",\\\"elemento\\\":\\\"domiciliario\\\"}\"', 1, '2025-09-23 06:32:41', NULL),
(82, 'Correspondencia Sumar domiciliario', '\"{\\\"id\\\":\\\"1\\\",\\\"elemento\\\":\\\"domiciliario\\\"}\"', 1, '2025-09-23 06:32:41', NULL),
(83, 'Correspondencia Sumar domiciliario', '\"{\\\"id\\\":\\\"1\\\",\\\"elemento\\\":\\\"domiciliario\\\"}\"', 1, '2025-09-23 06:33:56', NULL),
(84, 'Correspondencia Sumar domiciliario', '\"{\\\"id\\\":\\\"1\\\",\\\"elemento\\\":\\\"domiciliario\\\"}\"', 1, '2025-09-23 06:33:56', NULL),
(85, 'Correspondencia Sumar domiciliario', '\"{\\\"id\\\":\\\"1\\\",\\\"elemento\\\":\\\"domiciliario\\\"}\"', 1, '2025-09-23 06:33:56', NULL),
(86, 'Correspondencia Sumar domiciliario', '\"{\\\"id\\\":\\\"1\\\",\\\"elemento\\\":\\\"domiciliario\\\"}\"', 1, '2025-09-23 06:33:56', NULL),
(87, 'Correspondencia Sumar domiciliario', '\"{\\\"id\\\":\\\"1\\\",\\\"elemento\\\":\\\"domiciliario\\\"}\"', 1, '2025-09-23 06:33:56', NULL),
(88, 'Correspondencia Sumar domiciliario', '\"{\\\"id\\\":\\\"2\\\",\\\"elemento\\\":\\\"domiciliario\\\"}\"', 1, '2025-09-23 06:33:58', NULL),
(89, 'Correspondencia Sumar domiciliario', '\"{\\\"id\\\":\\\"2\\\",\\\"elemento\\\":\\\"domiciliario\\\"}\"', 1, '2025-09-23 06:33:58', NULL),
(90, 'Correspondencia Sumar domiciliario', '\"{\\\"id\\\":\\\"2\\\",\\\"elemento\\\":\\\"domiciliario\\\"}\"', 1, '2025-09-23 06:33:58', NULL),
(91, 'Correspondencia Restar domiciliario', '\"{\\\"id\\\":\\\"2\\\",\\\"elemento\\\":\\\"domiciliario\\\"}\"', 1, '2025-09-23 06:33:59', NULL),
(92, 'Correspondencia Sumar domiciliario', '\"{\\\"id\\\":\\\"3\\\",\\\"elemento\\\":\\\"domiciliario\\\"}\"', 1, '2025-09-23 06:34:00', NULL),
(93, 'Correspondencia Sumar domiciliario', '\"{\\\"id\\\":\\\"3\\\",\\\"elemento\\\":\\\"domiciliario\\\"}\"', 1, '2025-09-23 06:34:00', NULL),
(94, 'Correspondencia Sumar domiciliario', '\"{\\\"id\\\":\\\"3\\\",\\\"elemento\\\":\\\"domiciliario\\\"}\"', 1, '2025-09-23 06:34:00', NULL),
(95, 'Correspondencia Sumar domiciliario', '\"{\\\"id\\\":\\\"3\\\",\\\"elemento\\\":\\\"domiciliario\\\"}\"', 1, '2025-09-23 06:34:00', NULL),
(96, 'Correspondencia Sumar domiciliario', '\"{\\\"id\\\":\\\"3\\\",\\\"elemento\\\":\\\"domiciliario\\\"}\"', 1, '2025-09-23 06:34:01', NULL),
(97, 'Correspondencia Sumar domiciliario', '\"{\\\"id\\\":\\\"3\\\",\\\"elemento\\\":\\\"domiciliario\\\"}\"', 1, '2025-09-23 06:34:01', NULL),
(98, 'Correspondencia Sumar domiciliario', '\"{\\\"id\\\":\\\"3\\\",\\\"elemento\\\":\\\"domiciliario\\\"}\"', 1, '2025-09-23 06:34:01', NULL),
(99, 'Correspondencia Sumar domiciliario', '\"{\\\"id\\\":\\\"3\\\",\\\"elemento\\\":\\\"domiciliario\\\"}\"', 1, '2025-09-23 06:34:01', NULL),
(100, 'Correspondencia Sumar domiciliario', '\"{\\\"id\\\":\\\"3\\\",\\\"elemento\\\":\\\"domiciliario\\\"}\"', 1, '2025-09-23 06:34:01', NULL),
(101, 'Correspondencia Sumar domiciliario', '\"{\\\"id\\\":\\\"3\\\",\\\"elemento\\\":\\\"domiciliario\\\"}\"', 1, '2025-09-23 06:34:02', NULL),
(102, 'Correspondencia Sumar domiciliario', '\"{\\\"id\\\":\\\"3\\\",\\\"elemento\\\":\\\"domiciliario\\\"}\"', 1, '2025-09-23 06:34:02', NULL),
(103, 'Correspondencia Sumar domiciliario', '\"{\\\"id\\\":\\\"3\\\",\\\"elemento\\\":\\\"domiciliario\\\"}\"', 1, '2025-09-23 06:34:02', NULL),
(104, 'Correspondencia Sumar domiciliario', '\"{\\\"id\\\":\\\"3\\\",\\\"elemento\\\":\\\"domiciliario\\\"}\"', 1, '2025-09-23 06:34:02', NULL),
(105, 'Correspondencia Recepcion Gas', '{\"item\": \"Gas\"}', 1, '2025-09-23 06:34:15', NULL),
(106, 'Correspondencia Recepcion Agua', '{\"item\": \"Agua\"}', 1, '2025-09-23 06:34:21', NULL),
(107, 'Correspondencia Recepcion Agua', '{\"item\": \"Agua\"}', 1, '2025-09-23 06:34:22', NULL),
(108, 'Correspondencia Recepcion Agua', '{\"item\": \"Agua\"}', 1, '2025-09-23 06:34:24', NULL),
(109, 'Correspondencia Recepcion Luz', '{\"item\": \"Luz\"}', 1, '2025-09-23 06:34:26', NULL),
(110, 'Correspondencia Recepcion Gas', '{\"item\": \"Gas\"}', 1, '2025-09-23 06:34:27', NULL),
(111, 'Correspondencia Restar domiciliario', '\"{\\\"id\\\":\\\"1\\\",\\\"elemento\\\":\\\"domiciliario\\\"}\"', 1, '2025-09-24 05:19:17', NULL),
(112, 'Correspondencia Restar domiciliario', '\"{\\\"id\\\":\\\"1\\\",\\\"elemento\\\":\\\"domiciliario\\\"}\"', 1, '2025-09-24 05:19:18', NULL),
(113, 'Correspondencia Restar domiciliario', '\"{\\\"id\\\":\\\"1\\\",\\\"elemento\\\":\\\"domiciliario\\\"}\"', 1, '2025-09-24 05:19:18', NULL),
(114, 'Correspondencia Sumar domiciliario', '\"{\\\"id\\\":\\\"1\\\",\\\"elemento\\\":\\\"domiciliario\\\"}\"', 1, '2025-09-24 05:19:19', NULL),
(115, 'Correspondencia Sumar domiciliario', '\"{\\\"id\\\":\\\"1\\\",\\\"elemento\\\":\\\"domiciliario\\\"}\"', 1, '2025-09-24 05:19:19', NULL),
(116, 'Correspondencia Sumar domiciliario', '\"{\\\"id\\\":\\\"1\\\",\\\"elemento\\\":\\\"domiciliario\\\"}\"', 1, '2025-09-24 05:19:19', NULL),
(117, 'Correspondencia Sumar domiciliario', '\"{\\\"id\\\":\\\"1\\\",\\\"elemento\\\":\\\"domiciliario\\\"}\"', 1, '2025-09-24 05:19:19', NULL),
(118, 'Correspondencia Sumar domiciliario', '\"{\\\"id\\\":\\\"1\\\",\\\"elemento\\\":\\\"domiciliario\\\"}\"', 1, '2025-09-24 05:19:20', NULL),
(119, 'Correspondencia Sumar domiciliario', '\"{\\\"id\\\":\\\"1\\\",\\\"elemento\\\":\\\"domiciliario\\\"}\"', 1, '2025-09-24 05:19:20', NULL),
(120, 'Correspondencia Recepcion Gas', '{\"item\": \"Gas\"}', 1, '2025-09-24 06:41:29', NULL),
(121, 'Correspondencia Recepcion Gas', '{\"item\": \"Gas\"}', 1, '2025-09-24 06:41:32', NULL),
(122, 'Correspondencia Recepcion Gas', '{\"item\": \"Gas\"}', 1, '2025-09-24 06:41:38', NULL),
(123, 'Correspondencia Sumar gas', '\"{\\\"id\\\":\\\"1\\\",\\\"elemento\\\":\\\"gas\\\"}\"', 1, '2025-10-11 21:38:58', NULL),
(124, 'Correspondencia Sumar gas', '\"{\\\"id\\\":\\\"1\\\",\\\"elemento\\\":\\\"gas\\\"}\"', 1, '2025-10-11 21:38:59', NULL),
(125, 'Correspondencia Sumar gas', '\"{\\\"id\\\":\\\"1\\\",\\\"elemento\\\":\\\"gas\\\"}\"', 1, '2025-10-11 21:38:59', NULL),
(126, 'Correspondencia Sumar gas', '\"{\\\"id\\\":\\\"1\\\",\\\"elemento\\\":\\\"gas\\\"}\"', 1, '2025-10-11 21:38:59', NULL),
(127, 'Correspondencia Sumar gas', '\"{\\\"id\\\":\\\"1\\\",\\\"elemento\\\":\\\"gas\\\"}\"', 1, '2025-10-11 21:38:59', NULL),
(128, 'Clasificado Store', '\"{\\\"_token\\\":\\\"WeKHN7Ky6uLZfZdvLQlIuK9axLoGGSZvbl4mcWxf\\\",\\\"casa\\\":\\\"casa 102\\\",\\\"estado\\\":\\\"Alquiler\\\",\\\"whatsapp\\\":\\\"3206081298\\\",\\\"descripcion\\\":\\\"qwergthdgsewqer3w4tey5rth\\\",\\\"foto\\\":{}}\"', 1, '2025-10-16 07:56:33', NULL),
(129, 'Store Directorio', '\"{\\\"_token\\\":\\\"rtCRuipSbMZJTWJoHOoVkpJhzuRsdNklj2G3dm22\\\",\\\"nombre\\\":\\\"Primavera\\\",\\\"telefono\\\":\\\"987654321\\\"}\"', 1, '2025-10-18 21:19:45', NULL),
(130, 'Update Directorio', '\"{\\\"id_directorio\\\":\\\"1\\\",\\\"_token\\\":\\\"rtCRuipSbMZJTWJoHOoVkpJhzuRsdNklj2G3dm22\\\",\\\"nombre\\\":\\\"Primavera\\\",\\\"telefono\\\":\\\"987654321\\\"}\"', 1, '2025-10-18 21:19:49', NULL),
(131, 'Registro Circular', '\"{\\\"_token\\\":\\\"rtCRuipSbMZJTWJoHOoVkpJhzuRsdNklj2G3dm22\\\",\\\"titulo\\\":\\\"Plantilla Ejemplo\\\",\\\"mes\\\":\\\"Enero\\\",\\\"descripcion\\\":\\\"asdthfygjkhjjgfdseartyjukhj.\\\",\\\"archivo\\\":{}}\"', 1, '2025-10-18 21:23:33', NULL);

-- --------------------------------------------------------

--
-- Estructura de tabla para la tabla `log_usuarios`
--

CREATE TABLE `log_usuarios` (
  `id` bigint(20) UNSIGNED NOT NULL,
  `usuario` varchar(255) COLLATE utf8mb4_unicode_ci NOT NULL,
  `fecha` datetime NOT NULL,
  `created_at` timestamp NULL DEFAULT NULL,
  `updated_at` timestamp NULL DEFAULT NULL
) ENGINE=InnoDB DEFAULT CHARSET=utf8mb4 COLLATE=utf8mb4_unicode_ci;

--
-- Volcado de datos para la tabla `log_usuarios`
--

INSERT INTO `log_usuarios` (`id`, `usuario`, `fecha`, `created_at`, `updated_at`) VALUES
(1, 'CitoApp', '2025-08-29 23:26:19', '2025-08-30 04:26:19', '2025-08-30 04:26:19'),
(2, 'CitoApp', '2025-08-30 09:28:05', '2025-08-30 14:28:05', '2025-08-30 14:28:05'),
(3, 'CitoApp', '2025-08-30 09:32:24', '2025-08-30 14:32:24', '2025-08-30 14:32:24'),
(4, 'CitoApp', '2025-08-30 09:33:05', '2025-08-30 14:33:05', '2025-08-30 14:33:05'),
(5, 'CitoApp', '2025-09-01 10:18:28', '2025-09-01 15:18:28', '2025-09-01 15:18:28'),
(6, 'CitoApp', '2025-09-01 17:04:34', '2025-09-01 22:04:34', '2025-09-01 22:04:34'),
(7, 'CitoApp', '2025-09-03 20:47:27', '2025-09-04 01:47:27', '2025-09-04 01:47:27'),
(8, 'CitoApp', '2025-09-04 20:13:40', '2025-09-05 01:13:40', '2025-09-05 01:13:40'),
(9, 'CitoApp', '2025-09-06 13:13:44', '2025-09-06 18:13:44', '2025-09-06 18:13:44'),
(10, 'CitoApp', '2025-09-06 15:26:39', '2025-09-06 20:26:39', '2025-09-06 20:26:39'),
(11, 'CitoApp', '2025-09-07 15:21:17', '2025-09-07 20:21:17', '2025-09-07 20:21:17'),
(12, 'CitoApp', '2025-09-08 19:33:54', '2025-09-09 00:33:54', '2025-09-09 00:33:54'),
(13, 'CitoApp', '2025-09-09 19:57:05', '2025-09-10 00:57:05', '2025-09-10 00:57:05'),
(14, 'CitoApp', '2025-09-11 19:52:01', '2025-09-12 00:52:01', '2025-09-12 00:52:01'),
(15, 'CitoApp', '2025-09-11 22:06:50', '2025-09-12 03:06:50', '2025-09-12 03:06:50'),
(16, 'CitoApp', '2025-09-12 19:41:03', '2025-09-13 00:41:03', '2025-09-13 00:41:03'),
(17, 'CitoApp', '2025-09-14 21:26:52', '2025-09-15 02:26:52', '2025-09-15 02:26:52'),
(18, 'CitoApp', '2025-09-15 18:57:05', '2025-09-15 23:57:05', '2025-09-15 23:57:05'),
(19, 'CitoApp', '2025-09-17 19:16:53', '2025-09-18 00:16:53', '2025-09-18 00:16:53'),
(20, 'CitoApp', '2025-09-18 19:01:11', '2025-09-19 00:01:11', '2025-09-19 00:01:11'),
(21, 'CitoApp', '2025-09-19 19:09:33', '2025-09-20 00:09:33', '2025-09-20 00:09:33'),
(22, 'CitoApp', '2025-09-22 20:31:13', '2025-09-23 01:31:13', '2025-09-23 01:31:13'),
(23, 'CitoApp', '2025-09-23 19:19:07', '2025-09-24 00:19:07', '2025-09-24 00:19:07'),
(24, 'CitoApp', '2025-09-24 20:29:55', '2025-09-25 01:29:55', '2025-09-25 01:29:55'),
(25, 'CitoApp', '2025-09-26 20:11:55', '2025-09-27 01:11:55', '2025-09-27 01:11:55'),
(26, 'CitoApp', '2025-09-27 14:59:14', '2025-09-27 19:59:14', '2025-09-27 19:59:14'),
(27, 'CitoApp', '2025-09-29 20:32:17', '2025-09-30 01:32:17', '2025-09-30 01:32:17'),
(28, 'CitoApp', '2025-09-30 20:19:39', '2025-10-01 01:19:39', '2025-10-01 01:19:39'),
(29, 'CitoApp', '2025-10-01 19:30:10', '2025-10-02 00:30:10', '2025-10-02 00:30:10'),
(30, 'CitoApp', '2025-10-02 19:47:22', '2025-10-03 00:47:22', '2025-10-03 00:47:22'),
(31, 'CitoApp', '2025-10-05 10:31:44', '2025-10-05 15:31:44', '2025-10-05 15:31:44'),
(32, 'CitoApp', '2025-10-05 13:28:06', '2025-10-05 18:28:06', '2025-10-05 18:28:06'),
(33, 'CitoApp', '2025-10-09 19:16:44', '2025-10-10 00:16:44', '2025-10-10 00:16:44'),
(34, 'CitoApp', '2025-10-11 11:28:09', '2025-10-11 16:28:09', '2025-10-11 16:28:09'),
(35, 'CitoApp', '2025-10-11 14:07:07', '2025-10-11 19:07:07', '2025-10-11 19:07:07'),
(36, 'CitoApp', '2025-10-13 21:49:29', '2025-10-14 02:49:29', '2025-10-14 02:49:29'),
(37, 'CitoApp', '2025-10-15 20:40:06', '2025-10-16 01:40:06', '2025-10-16 01:40:06'),
(38, 'CitoApp', '2025-10-16 19:07:57', '2025-10-17 00:07:57', '2025-10-17 00:07:57'),
(39, 'CitoApp', '2025-10-18 09:52:28', '2025-10-18 14:52:28', '2025-10-18 14:52:28'),
(40, 'CitoApp', '2025-10-21 08:54:41', '2025-10-21 13:54:41', '2025-10-21 13:54:41'),
(41, 'CitoApps', '2025-11-03 16:25:30', '2025-11-03 21:25:30', '2025-11-03 21:25:30'),
(42, 'CitoApps', '2025-11-07 20:02:43', '2025-11-08 01:02:43', '2025-11-08 01:02:43'),
(43, 'CitoApps', '2025-11-16 09:43:21', '2025-11-16 14:43:21', '2025-11-16 14:43:21'),
(44, 'CitoApps', '2025-11-17 12:32:47', '2025-11-17 17:32:47', '2025-11-17 17:32:47'),
(45, 'CitoApps', '2025-11-17 16:21:56', '2025-11-17 21:21:56', '2025-11-17 21:21:56'),
(46, 'CitoApps', '2025-11-17 20:52:35', '2025-11-18 01:52:35', '2025-11-18 01:52:35'),
(47, 'CitoApps', '2025-11-18 08:47:54', '2025-11-18 13:47:54', '2025-11-18 13:47:54'),
(48, 'CitoApps', '2025-11-18 18:36:04', '2025-11-18 23:36:04', '2025-11-18 23:36:04'),
(49, 'CitoApps', '2025-11-19 12:51:55', '2025-11-19 17:51:55', '2025-11-19 17:51:55'),
(50, 'CitoApps', '2025-11-19 19:41:54', '2025-11-20 00:41:54', '2025-11-20 00:41:54'),
(51, 'CitoApps', '2025-11-20 09:15:03', '2025-11-20 14:15:03', '2025-11-20 14:15:03'),
(52, 'CitoApps', '2025-11-20 13:55:46', '2025-11-20 18:55:46', '2025-11-20 18:55:46'),
(53, 'CitoApps', '2025-11-20 19:19:21', '2025-11-21 00:19:21', '2025-11-21 00:19:21'),
(54, 'CitoApps', '2025-11-21 15:24:24', '2025-11-21 20:24:24', '2025-11-21 20:24:24'),
(55, 'CitoApps', '2025-11-22 12:23:37', '2025-11-22 17:23:37', '2025-11-22 17:23:37'),
(56, 'CitoApps', '2025-11-24 18:56:17', '2025-11-24 23:56:17', '2025-11-24 23:56:17'),
(57, 'CitoApps', '2025-12-01 09:46:52', '2025-12-01 14:46:52', '2025-12-01 14:46:52'),
(58, 'CitoApps', '2025-12-01 13:51:16', '2025-12-01 18:51:16', '2025-12-01 18:51:16'),
(59, 'CitoApps', '2025-12-01 20:05:39', '2025-12-02 01:05:39', '2025-12-02 01:05:39'),
(60, 'Consuelo Montoya de Vergara', '2025-12-30 11:42:24', '2025-12-30 16:42:24', '2025-12-30 16:42:24');

-- --------------------------------------------------------

--
-- Estructura de tabla para la tabla `manuales`
--

CREATE TABLE `manuales` (
  `id` bigint(20) UNSIGNED NOT NULL,
  `archivo` varchar(255) COLLATE utf8mb4_unicode_ci NOT NULL,
  `created_at` timestamp NULL DEFAULT NULL,
  `updated_at` timestamp NULL DEFAULT NULL
) ENGINE=InnoDB DEFAULT CHARSET=utf8mb4 COLLATE=utf8mb4_unicode_ci;

-- --------------------------------------------------------

--
-- Estructura de tabla para la tabla `mensajes_vistas`
--

CREATE TABLE `mensajes_vistas` (
  `id` bigint(20) UNSIGNED NOT NULL,
  `created_at` timestamp NULL DEFAULT NULL,
  `updated_at` timestamp NULL DEFAULT NULL
) ENGINE=InnoDB DEFAULT CHARSET=utf8mb4 COLLATE=utf8mb4_unicode_ci;

-- --------------------------------------------------------

--
-- Estructura de tabla para la tabla `migrations`
--

CREATE TABLE `migrations` (
  `id` int(10) UNSIGNED NOT NULL,
  `migration` varchar(255) COLLATE utf8mb4_unicode_ci NOT NULL,
  `batch` int(11) NOT NULL
) ENGINE=InnoDB DEFAULT CHARSET=utf8mb4 COLLATE=utf8mb4_unicode_ci;

--
-- Volcado de datos para la tabla `migrations`
--

INSERT INTO `migrations` (`id`, `migration`, `batch`) VALUES
(1, '2014_10_12_000000_create_users_table', 1),
(2, '2014_10_12_100000_create_password_reset_tokens_table', 1),
(3, '2014_10_12_100000_create_password_resets_table', 1),
(4, '2016_06_01_000001_create_oauth_auth_codes_table', 1),
(5, '2016_06_01_000002_create_oauth_access_tokens_table', 1),
(6, '2016_06_01_000003_create_oauth_refresh_tokens_table', 1),
(7, '2016_06_01_000004_create_oauth_clients_table', 1),
(8, '2016_06_01_000005_create_oauth_personal_access_clients_table', 1),
(9, '2019_08_19_000000_create_failed_jobs_table', 1),
(10, '2019_12_14_000001_create_personal_access_tokens_table', 1),
(11, '2024_04_03_164620_create_circulares_table', 1),
(12, '2024_04_03_174415_create_emprendimientos_table', 1),
(13, '2024_04_03_174431_create_galeria_emprendimientos_table', 1),
(14, '2024_05_01_191925_create_empleados_table', 1),
(15, '2024_05_01_193315_create_manuals_table', 1),
(16, '2024_05_01_231825_create_directorios_table', 1),
(17, '2024_05_20_163053_create_conjuntos_table', 1),
(18, '2024_05_20_163525_create_bloques_table', 1),
(19, '2024_05_20_163525_create_casas_table', 1),
(20, '2024_05_20_164004_create_apartamentos_table', 1),
(21, '2024_05_20_165250_create_clasificados_table', 1),
(22, '2024_05_20_165436_create_clasificado_galerias_table', 1),
(23, '2024_05_20_171535_create_zona_comun_table', 1),
(24, '2024_05_20_171618_create_reservas_table', 1),
(25, '2024_05_20_172144_create_trasteos_table', 1),
(26, '2024_05_23_121146_create_residentes_table', 1),
(27, '2024_06_12_180039_create_parqueaderos_table', 1),
(28, '2024_06_22_005205_create_galeria_conjuntos_table', 1),
(29, '2024_08_20_232858_create_encuestas_table', 1),
(30, '2024_08_20_234554_create_encuestas_respuestas_table', 1),
(31, '2024_08_28_220208_create_correspondencias_table', 1),
(32, '2024_09_01_045753_create_foros_table', 1),
(33, '2024_09_01_045800_create_respuesta_foros_table', 1),
(34, '2024_09_11_215618_create_log_usuarios_table', 1),
(35, '2024_09_22_204046_create_sessions_table', 1),
(36, '2024_11_17_193736_create_permission_tables', 1),
(37, '2024_11_25_153249_create_log_sistemas_table', 1),
(38, '2024_11_28_193408_create_informacion_conjuntos_table', 1),
(39, '2025_01_14_135718_create_visitantes_table', 1),
(40, '2025_02_10_145724_create_asambleas_table', 1),
(41, '2025_02_12_145114_create_parqueadero_visitantes_table', 1),
(42, '2025_02_12_145244_create_tarifas_conjuntos_table', 1),
(43, '2025_03_08_014816_add_nuevos_campos_to_residentes', 1),
(44, '2025_03_13_132022_add_campos_respuesta_foro_v1', 1),
(45, '2025_04_17_130041_create_categoria_vehiculos_table', 1),
(46, '2025_04_18_003023_add_categoria_id_to_pv_table', 1),
(47, '2025_04_18_003023_add_precio_id_to_pv_table', 1),
(48, '2025_07_02_003227_create_actividades_table', 1),
(49, '2025_09_05_012713_add_telefonos_to_casas_table', 2),
(50, '2025_09_06_230802_create_tarifas_parqueadero_visitantes_table', 3),
(51, '2025_09_07_220759_create_configuraciones_parqueaderos_table', 4),
(52, '2025_09_07_220817_create_tipos_vehiculos_table', 4),
(53, '2025_09_07_220935_create_bandas_horarias_table', 4),
(54, '2025_09_07_221005_create_reglas_umbrals_table', 4),
(55, '2025_09_07_221022_create_registro_parqueaderos_table', 4),
(57, '2025_09_12_004130_update_informacion_conjuntos_table', 4),
(58, '2025_09_12_011638_alter_dias_in_informacion_conjunto_table', 5),
(59, '2025_09_23_012807_add_domiciliario_to_correspondencia', 6),
(60, '2025_09_07_221556_create_tarifas_vehiculos_table', 7),
(61, '2025_10_01_004010_create_vehiculos_table', 8),
(62, '2025_10_01_010126_remove_column_from_residentes_table', 9),
(63, '2025_10_01_011358_create_registro_parqueaderos_table', 10),
(64, '2025_10_01_014522_remove_column_from_parqueaderos_table', 10),
(65, '2025_10_03_005051_add_column_to_registro_parqueaderos_table', 11),
(66, '2025_10_03_014014_remove_column_from_registro_parqueaderos_table', 12),
(67, '2025_10_14_025508_add_column_whatsapp_from_clasificados_table', 13),
(68, '2025_10_16_020339_change_casa_id_to_casa_text_in_clasificados_table', 14),
(69, '2025_11_03_155023_create_mensajes_vistas_table', 15),
(70, '2025_11_03_205321_create_pagos_table', 15),
(71, '2025_11_06_000002_create_zona_comun_horarios', 16),
(72, '2025_11_06_000003_add_comprobante_and_admin_to_reservas', 16),
(73, '2025_11_06_181554_add_fields_to_zona_comun_table', 16),
(74, '2025_11_16_154753_create_registro_personas_table', 17),
(75, '2025_11_11_195553_create_vehicles_table', 18),
(76, '2025_11_11_201948_create_clients_table', 18),
(77, '2025_11_11_203736_create_spaces_table', 18),
(78, '2025_11_11_204436_create_reservations_table', 18),
(79, '2025_11_11_210715_create_invoices_table', 18),
(80, '2025_11_11_211642_create_reports_table', 18),
(81, '2025_11_11_211932_create_apartments_table', 18),
(82, '2025_11_11_220908_change_amount_column_type_in_reports_table', 18),
(83, '2025_12_02_003649_update_registro_personas_add_salida', 19),
(84, '2026_01_13_000000_create_zona_horarios_table', 20),
(86, '2026_01_13_000718_create_reservas_table', 21);

-- --------------------------------------------------------

--
-- Estructura de tabla para la tabla `model_has_permissions`
--

CREATE TABLE `model_has_permissions` (
  `permission_id` bigint(20) UNSIGNED NOT NULL,
  `model_type` varchar(255) COLLATE utf8mb4_unicode_ci NOT NULL,
  `model_id` bigint(20) UNSIGNED NOT NULL
) ENGINE=InnoDB DEFAULT CHARSET=utf8mb4 COLLATE=utf8mb4_unicode_ci;

-- --------------------------------------------------------

--
-- Estructura de tabla para la tabla `model_has_roles`
--

CREATE TABLE `model_has_roles` (
  `role_id` bigint(20) UNSIGNED NOT NULL,
  `model_type` varchar(255) COLLATE utf8mb4_unicode_ci NOT NULL,
  `model_id` bigint(20) UNSIGNED NOT NULL
) ENGINE=InnoDB DEFAULT CHARSET=utf8mb4 COLLATE=utf8mb4_unicode_ci;

--
-- Volcado de datos para la tabla `model_has_roles`
--

INSERT INTO `model_has_roles` (`role_id`, `model_type`, `model_id`) VALUES
(1, 'App\\Models\\User', 1),
(3, 'App\\Models\\User', 2),
(3, 'App\\Models\\User', 4),
(3, 'App\\Models\\User', 5),
(3, 'App\\Models\\User', 6),
(3, 'App\\Models\\User', 7),
(3, 'App\\Models\\User', 8),
(3, 'App\\Models\\User', 9),
(3, 'App\\Models\\User', 10),
(3, 'App\\Models\\User', 11),
(3, 'App\\Models\\User', 12),
(3, 'App\\Models\\User', 13),
(3, 'App\\Models\\User', 14),
(3, 'App\\Models\\User', 15),
(3, 'App\\Models\\User', 16),
(3, 'App\\Models\\User', 17),
(3, 'App\\Models\\User', 18),
(3, 'App\\Models\\User', 19),
(3, 'App\\Models\\User', 20),
(3, 'App\\Models\\User', 21),
(3, 'App\\Models\\User', 22),
(3, 'App\\Models\\User', 23),
(3, 'App\\Models\\User', 24),
(3, 'App\\Models\\User', 25),
(3, 'App\\Models\\User', 26),
(3, 'App\\Models\\User', 27),
(3, 'App\\Models\\User', 28),
(3, 'App\\Models\\User', 29),
(3, 'App\\Models\\User', 30),
(3, 'App\\Models\\User', 31),
(3, 'App\\Models\\User', 32),
(3, 'App\\Models\\User', 33),
(3, 'App\\Models\\User', 34),
(3, 'App\\Models\\User', 35),
(3, 'App\\Models\\User', 36),
(3, 'App\\Models\\User', 37),
(3, 'App\\Models\\User', 38),
(3, 'App\\Models\\User', 39),
(3, 'App\\Models\\User', 40),
(3, 'App\\Models\\User', 41),
(3, 'App\\Models\\User', 42),
(3, 'App\\Models\\User', 43),
(3, 'App\\Models\\User', 44),
(3, 'App\\Models\\User', 45),
(3, 'App\\Models\\User', 46),
(3, 'App\\Models\\User', 47),
(3, 'App\\Models\\User', 48),
(3, 'App\\Models\\User', 49),
(3, 'App\\Models\\User', 50),
(3, 'App\\Models\\User', 51),
(3, 'App\\Models\\User', 52),
(3, 'App\\Models\\User', 53),
(3, 'App\\Models\\User', 54),
(3, 'App\\Models\\User', 55),
(3, 'App\\Models\\User', 56),
(3, 'App\\Models\\User', 58),
(3, 'App\\Models\\User', 59),
(3, 'App\\Models\\User', 60),
(3, 'App\\Models\\User', 61),
(3, 'App\\Models\\User', 62),
(3, 'App\\Models\\User', 63),
(3, 'App\\Models\\User', 64),
(3, 'App\\Models\\User', 65),
(3, 'App\\Models\\User', 66),
(3, 'App\\Models\\User', 67),
(3, 'App\\Models\\User', 68),
(3, 'App\\Models\\User', 69),
(3, 'App\\Models\\User', 70),
(3, 'App\\Models\\User', 71),
(3, 'App\\Models\\User', 72),
(3, 'App\\Models\\User', 73),
(3, 'App\\Models\\User', 74),
(3, 'App\\Models\\User', 75),
(3, 'App\\Models\\User', 76),
(3, 'App\\Models\\User', 77),
(3, 'App\\Models\\User', 78),
(3, 'App\\Models\\User', 79),
(3, 'App\\Models\\User', 80),
(3, 'App\\Models\\User', 81),
(3, 'App\\Models\\User', 82),
(3, 'App\\Models\\User', 83),
(3, 'App\\Models\\User', 84),
(3, 'App\\Models\\User', 85),
(3, 'App\\Models\\User', 86),
(3, 'App\\Models\\User', 87),
(3, 'App\\Models\\User', 88),
(3, 'App\\Models\\User', 89),
(3, 'App\\Models\\User', 90),
(3, 'App\\Models\\User', 91),
(3, 'App\\Models\\User', 92),
(3, 'App\\Models\\User', 93),
(3, 'App\\Models\\User', 94),
(3, 'App\\Models\\User', 95),
(3, 'App\\Models\\User', 96),
(3, 'App\\Models\\User', 98),
(3, 'App\\Models\\User', 99),
(3, 'App\\Models\\User', 100),
(3, 'App\\Models\\User', 101),
(3, 'App\\Models\\User', 102),
(3, 'App\\Models\\User', 103),
(3, 'App\\Models\\User', 104),
(3, 'App\\Models\\User', 105),
(3, 'App\\Models\\User', 106),
(3, 'App\\Models\\User', 107),
(3, 'App\\Models\\User', 108),
(3, 'App\\Models\\User', 109),
(3, 'App\\Models\\User', 110),
(3, 'App\\Models\\User', 111),
(3, 'App\\Models\\User', 112),
(3, 'App\\Models\\User', 113),
(3, 'App\\Models\\User', 114),
(3, 'App\\Models\\User', 115),
(3, 'App\\Models\\User', 116),
(3, 'App\\Models\\User', 117),
(3, 'App\\Models\\User', 118),
(3, 'App\\Models\\User', 119),
(3, 'App\\Models\\User', 120),
(3, 'App\\Models\\User', 121),
(3, 'App\\Models\\User', 122),
(3, 'App\\Models\\User', 123),
(3, 'App\\Models\\User', 124),
(3, 'App\\Models\\User', 125),
(3, 'App\\Models\\User', 126),
(3, 'App\\Models\\User', 127);

-- --------------------------------------------------------

--
-- Estructura de tabla para la tabla `oauth_access_tokens`
--

CREATE TABLE `oauth_access_tokens` (
  `id` varchar(100) COLLATE utf8mb4_unicode_ci NOT NULL,
  `user_id` bigint(20) UNSIGNED DEFAULT NULL,
  `client_id` bigint(20) UNSIGNED NOT NULL,
  `name` varchar(255) COLLATE utf8mb4_unicode_ci DEFAULT NULL,
  `scopes` text COLLATE utf8mb4_unicode_ci,
  `revoked` tinyint(1) NOT NULL,
  `created_at` timestamp NULL DEFAULT NULL,
  `updated_at` timestamp NULL DEFAULT NULL,
  `expires_at` datetime DEFAULT NULL
) ENGINE=InnoDB DEFAULT CHARSET=utf8mb4 COLLATE=utf8mb4_unicode_ci;

-- --------------------------------------------------------

--
-- Estructura de tabla para la tabla `oauth_auth_codes`
--

CREATE TABLE `oauth_auth_codes` (
  `id` varchar(100) COLLATE utf8mb4_unicode_ci NOT NULL,
  `user_id` bigint(20) UNSIGNED NOT NULL,
  `client_id` bigint(20) UNSIGNED NOT NULL,
  `scopes` text COLLATE utf8mb4_unicode_ci,
  `revoked` tinyint(1) NOT NULL,
  `expires_at` datetime DEFAULT NULL
) ENGINE=InnoDB DEFAULT CHARSET=utf8mb4 COLLATE=utf8mb4_unicode_ci;

-- --------------------------------------------------------

--
-- Estructura de tabla para la tabla `oauth_clients`
--

CREATE TABLE `oauth_clients` (
  `id` bigint(20) UNSIGNED NOT NULL,
  `user_id` bigint(20) UNSIGNED DEFAULT NULL,
  `name` varchar(255) COLLATE utf8mb4_unicode_ci NOT NULL,
  `secret` varchar(100) COLLATE utf8mb4_unicode_ci DEFAULT NULL,
  `provider` varchar(255) COLLATE utf8mb4_unicode_ci DEFAULT NULL,
  `redirect` text COLLATE utf8mb4_unicode_ci NOT NULL,
  `personal_access_client` tinyint(1) NOT NULL,
  `password_client` tinyint(1) NOT NULL,
  `revoked` tinyint(1) NOT NULL,
  `created_at` timestamp NULL DEFAULT NULL,
  `updated_at` timestamp NULL DEFAULT NULL
) ENGINE=InnoDB DEFAULT CHARSET=utf8mb4 COLLATE=utf8mb4_unicode_ci;

-- --------------------------------------------------------

--
-- Estructura de tabla para la tabla `oauth_personal_access_clients`
--

CREATE TABLE `oauth_personal_access_clients` (
  `id` bigint(20) UNSIGNED NOT NULL,
  `client_id` bigint(20) UNSIGNED NOT NULL,
  `created_at` timestamp NULL DEFAULT NULL,
  `updated_at` timestamp NULL DEFAULT NULL
) ENGINE=InnoDB DEFAULT CHARSET=utf8mb4 COLLATE=utf8mb4_unicode_ci;

-- --------------------------------------------------------

--
-- Estructura de tabla para la tabla `oauth_refresh_tokens`
--

CREATE TABLE `oauth_refresh_tokens` (
  `id` varchar(100) COLLATE utf8mb4_unicode_ci NOT NULL,
  `access_token_id` varchar(100) COLLATE utf8mb4_unicode_ci NOT NULL,
  `revoked` tinyint(1) NOT NULL,
  `expires_at` datetime DEFAULT NULL
) ENGINE=InnoDB DEFAULT CHARSET=utf8mb4 COLLATE=utf8mb4_unicode_ci;

-- --------------------------------------------------------

--
-- Estructura de tabla para la tabla `pagos`
--

CREATE TABLE `pagos` (
  `id` bigint(20) UNSIGNED NOT NULL,
  `tipo_pago` varchar(255) COLLATE utf8mb4_unicode_ci NOT NULL,
  `casa_id` bigint(20) UNSIGNED NOT NULL,
  `descripcion` text COLLATE utf8mb4_unicode_ci,
  `mes` varchar(255) COLLATE utf8mb4_unicode_ci NOT NULL,
  `adjunto` varchar(255) COLLATE utf8mb4_unicode_ci DEFAULT NULL,
  `adjunto_notificacion` varchar(255) COLLATE utf8mb4_unicode_ci DEFAULT NULL,
  `comentario_admin` text COLLATE utf8mb4_unicode_ci,
  `estado` varchar(255) COLLATE utf8mb4_unicode_ci NOT NULL DEFAULT 'Pendiente',
  `administrador_id` bigint(20) UNSIGNED DEFAULT NULL,
  `created_at` timestamp NULL DEFAULT NULL,
  `updated_at` timestamp NULL DEFAULT NULL
) ENGINE=InnoDB DEFAULT CHARSET=utf8mb4 COLLATE=utf8mb4_unicode_ci;

-- --------------------------------------------------------

--
-- Estructura de tabla para la tabla `parqueaderos`
--

CREATE TABLE `parqueaderos` (
  `id` bigint(20) UNSIGNED NOT NULL,
  `nombre` varchar(255) COLLATE utf8mb4_unicode_ci DEFAULT NULL,
  `created_at` timestamp NULL DEFAULT NULL,
  `updated_at` timestamp NULL DEFAULT NULL
) ENGINE=InnoDB DEFAULT CHARSET=utf8mb4 COLLATE=utf8mb4_unicode_ci;

--
-- Volcado de datos para la tabla `parqueaderos`
--

INSERT INTO `parqueaderos` (`id`, `nombre`, `created_at`, `updated_at`) VALUES
(1, 'C1', '2025-10-01 06:48:06', '2025-10-01 06:50:04'),
(2, 'C2', '2025-10-01 06:48:09', '2025-10-01 06:48:09'),
(3, 'C3', '2025-10-01 06:48:13', '2025-10-01 06:48:13'),
(4, 'C4', '2025-10-01 06:48:58', '2025-10-01 06:48:58'),
(5, 'C5', '2025-10-02 06:46:56', '2025-10-02 06:46:56');

-- --------------------------------------------------------

--
-- Estructura de tabla para la tabla `parqueadero_visitantes`
--

CREATE TABLE `parqueadero_visitantes` (
  `id` bigint(20) UNSIGNED NOT NULL,
  `parqueadero_id` bigint(20) UNSIGNED NOT NULL,
  `placa` varchar(255) COLLATE utf8mb4_unicode_ci NOT NULL,
  `hora_ingreso` datetime NOT NULL,
  `hora_salida` datetime DEFAULT NULL,
  `valor` varchar(255) COLLATE utf8mb4_unicode_ci NOT NULL,
  `created_at` timestamp NULL DEFAULT NULL,
  `updated_at` timestamp NULL DEFAULT NULL,
  `categoria_id` bigint(20) UNSIGNED NOT NULL,
  `precio_id` bigint(20) UNSIGNED NOT NULL
) ENGINE=InnoDB DEFAULT CHARSET=utf8mb4 COLLATE=utf8mb4_unicode_ci;

-- --------------------------------------------------------

--
-- Estructura de tabla para la tabla `password_resets`
--

CREATE TABLE `password_resets` (
  `email` varchar(255) COLLATE utf8mb4_unicode_ci NOT NULL,
  `token` varchar(255) COLLATE utf8mb4_unicode_ci NOT NULL,
  `created_at` timestamp NULL DEFAULT NULL
) ENGINE=InnoDB DEFAULT CHARSET=utf8mb4 COLLATE=utf8mb4_unicode_ci;

-- --------------------------------------------------------

--
-- Estructura de tabla para la tabla `password_reset_tokens`
--

CREATE TABLE `password_reset_tokens` (
  `email` varchar(255) COLLATE utf8mb4_unicode_ci NOT NULL,
  `token` varchar(255) COLLATE utf8mb4_unicode_ci NOT NULL,
  `created_at` timestamp NULL DEFAULT NULL
) ENGINE=InnoDB DEFAULT CHARSET=utf8mb4 COLLATE=utf8mb4_unicode_ci;

-- --------------------------------------------------------

--
-- Estructura de tabla para la tabla `permissions`
--

CREATE TABLE `permissions` (
  `id` bigint(20) UNSIGNED NOT NULL,
  `name` varchar(255) COLLATE utf8mb4_unicode_ci NOT NULL,
  `guard_name` varchar(255) COLLATE utf8mb4_unicode_ci NOT NULL,
  `created_at` timestamp NULL DEFAULT NULL,
  `updated_at` timestamp NULL DEFAULT NULL
) ENGINE=InnoDB DEFAULT CHARSET=utf8mb4 COLLATE=utf8mb4_unicode_ci;

--
-- Volcado de datos para la tabla `permissions`
--

INSERT INTO `permissions` (`id`, `name`, `guard_name`, `created_at`, `updated_at`) VALUES
(1, 'directorio', 'web', '2024-12-20 06:01:20', '2024-12-20 06:01:20'),
(2, 'empleado', 'web', '2024-12-20 06:01:20', '2024-12-20 06:01:20'),
(3, 'conjunto', 'web', '2024-12-20 06:01:20', '2024-12-20 06:01:20'),
(4, 'circulares', 'web', '2024-12-20 06:01:20', '2024-12-20 06:01:20'),
(5, 'manual', 'web', '2024-12-20 06:01:20', '2024-12-20 06:01:20'),
(6, 'emprendimientos', 'web', '2024-12-20 06:01:21', '2024-12-20 06:01:21'),
(7, 'usuarios', 'web', '2024-12-20 06:01:21', '2024-12-20 06:01:21'),
(8, 'apartamentos', 'web', '2024-12-20 06:01:21', '2024-12-20 06:01:21'),
(9, 'bloques', 'web', '2024-12-20 06:01:21', '2024-12-20 06:01:21'),
(10, 'galeria emprendimiento', 'web', '2024-12-20 06:01:21', '2024-12-20 06:01:21'),
(11, 'user', 'web', '2024-12-20 06:01:21', '2024-12-20 06:01:21'),
(12, 'permisos rol', 'web', '2024-12-20 06:01:21', '2024-12-20 06:01:21'),
(13, 'informacion conjunto', 'web', '2024-12-20 06:01:21', '2024-12-20 06:01:21'),
(14, 'modulo administracion', 'web', '2024-12-20 06:01:21', '2024-12-20 06:01:21'),
(15, 'modulo residentes', 'web', '2024-12-20 06:01:21', '2024-12-20 06:01:21'),
(16, 'modulo pqrs', 'web', '2024-12-20 06:01:21', '2024-12-20 06:01:21'),
(17, 'modulo clasificados', 'web', '2024-12-20 06:01:21', '2024-12-20 06:01:21'),
(18, 'modulo reservas', 'web', '2024-12-20 06:01:21', '2024-12-20 06:01:21'),
(19, 'modulo configuracion', 'web', '2024-12-20 06:01:21', '2024-12-20 06:01:21'),
(20, 'role', 'web', '2024-12-20 06:01:21', '2024-12-20 06:01:21'),
(21, 'permiso', 'web', '2024-12-20 06:01:21', '2024-12-20 06:01:21'),
(22, 'log usuarios', 'web', '2024-12-20 06:01:21', '2024-12-20 06:01:21'),
(23, 'log sistema', 'web', '2024-12-20 06:01:21', '2024-12-20 06:01:21'),
(24, 'residente', 'web', '2024-12-20 06:01:21', '2024-12-20 06:01:21'),
(25, 'galeria conjunto', 'web', '2024-12-20 06:01:21', '2024-12-20 06:01:21'),
(26, 'encuestas', 'web', '2024-12-20 07:38:19', '2024-12-20 07:38:19'),
(27, 'trasteo', 'web', '2024-12-20 23:56:22', '2024-12-20 23:56:22'),
(28, 'correspondencia', 'web', '2024-12-20 23:56:39', '2024-12-20 23:56:39'),
(29, 'foro', 'web', '2024-12-20 23:56:47', '2024-12-20 23:56:47'),
(30, 'respuesta foro', 'web', '2024-12-20 23:56:54', '2024-12-20 23:56:54'),
(31, 'modulo empleados', 'web', '2025-01-09 05:27:13', '2025-01-09 05:27:13'),
(32, 'modulo trasteos', 'web', '2025-01-09 05:27:24', '2025-01-09 05:27:24'),
(33, 'modulo correspondencia', 'web', '2025-01-09 05:27:33', '2025-01-09 05:27:33'),
(34, 'modulo encuestas', 'web', '2025-01-09 05:27:45', '2025-01-09 05:27:45'),
(35, 'modulo informacion', 'web', '2025-01-09 05:32:45', '2025-01-09 05:32:45'),
(36, 'reserva', 'web', '2025-01-09 05:48:45', '2025-01-09 05:48:45'),
(37, 'zona comun', 'web', '2025-01-09 05:49:17', '2025-01-09 05:49:17'),
(38, 'parqueaderos', 'web', '2025-01-14 00:17:30', '2025-01-14 00:17:30'),
(39, 'parqueadero visitantes', 'web', '2025-02-18 23:40:36', '2025-02-18 23:40:36'),
(40, 'tarifas conjunto', 'web', '2025-02-19 00:26:55', '2025-02-19 00:26:55'),
(41, 'modulo emprendimientos', 'web', '2025-03-04 11:47:13', '2025-03-04 11:47:13'),
(42, 'modulo parqueaderos', 'web', '2025-03-07 12:43:34', '2025-03-07 12:43:34'),
(43, 'clasificados', 'web', '2025-03-08 23:27:25', '2025-03-08 23:27:25'),
(45, 'categoria vehiculo', 'web', '2025-04-18 00:05:11', '2025-04-18 00:05:11'),
(46, 'actividades', 'web', '2025-07-22 10:41:07', '2025-07-22 10:41:07'),
(47, 'casas', 'web', '2025-09-01 21:23:21', '2025-09-01 21:23:21'),
(48, 'casas_lista', 'web', '2025-09-05 06:47:41', '2025-09-05 06:47:41'),
(49, 'modulo citofonia', 'web', '2025-09-06 23:15:10', '2025-09-06 23:15:10'),
(50, 'citofonia', 'web', '2025-09-06 23:15:29', '2025-09-06 23:15:29'),
(51, 'tarifas parqueadero visitantes', 'web', '2025-09-08 01:22:21', '2025-09-08 01:22:21'),
(52, 'modulo actividades', 'web', '2025-09-19 05:01:44', '2025-09-19 05:01:44'),
(53, 'registro vehiculos', 'web', '2025-10-01 08:00:32', '2025-10-01 08:00:32'),
(54, 'registro parqueaderos', 'web', '2025-10-01 08:00:39', '2025-10-01 08:00:39'),
(55, 'importar residentes', 'web', '2025-11-18 02:55:15', '2025-11-18 02:55:15'),
(56, 'registro personas', 'web', '2025-11-18 02:55:21', '2025-11-18 02:55:21'),
(57, 'modulo parqueaderos visitantes', 'web', '2025-11-20 07:26:44', '2025-11-20 07:26:44'),
(58, 'clientes', 'web', '2025-11-20 07:26:55', '2025-11-20 07:26:55'),
(59, 'vehiculos', 'web', '2025-11-20 07:43:59', '2025-11-20 07:43:59'),
(60, 'espacios', 'web', '2025-11-20 07:44:08', '2025-11-20 07:44:08'),
(61, 'reserva vehiculos', 'web', '2025-11-20 07:44:23', '2025-11-20 07:44:23'),
(62, 'facturacion parqueaderos', 'web', '2025-11-20 07:44:34', '2025-11-20 07:44:34'),
(63, 'reportes parqueaderos', 'web', '2025-11-20 07:44:44', '2025-11-20 07:44:44'),
(64, 'apartamento', 'web', '2025-11-20 07:44:53', '2025-11-20 07:44:53'),
(65, 'settings parqueaderos', 'web', '2025-11-20 07:45:07', '2025-11-20 07:45:07');

-- --------------------------------------------------------

--
-- Estructura de tabla para la tabla `personal_access_tokens`
--

CREATE TABLE `personal_access_tokens` (
  `id` bigint(20) UNSIGNED NOT NULL,
  `tokenable_type` varchar(255) COLLATE utf8mb4_unicode_ci NOT NULL,
  `tokenable_id` bigint(20) UNSIGNED NOT NULL,
  `name` varchar(255) COLLATE utf8mb4_unicode_ci NOT NULL,
  `token` varchar(64) COLLATE utf8mb4_unicode_ci NOT NULL,
  `abilities` text COLLATE utf8mb4_unicode_ci,
  `last_used_at` timestamp NULL DEFAULT NULL,
  `expires_at` timestamp NULL DEFAULT NULL,
  `created_at` timestamp NULL DEFAULT NULL,
  `updated_at` timestamp NULL DEFAULT NULL
) ENGINE=InnoDB DEFAULT CHARSET=utf8mb4 COLLATE=utf8mb4_unicode_ci;

--
-- Volcado de datos para la tabla `personal_access_tokens`
--

INSERT INTO `personal_access_tokens` (`id`, `tokenable_type`, `tokenable_id`, `name`, `token`, `abilities`, `last_used_at`, `expires_at`, `created_at`, `updated_at`) VALUES
(1, 'App\\Models\\User', 4, 'auth_token', 'b9c3499928b55da3829dadca5c72bf2e8de1292edeea1a33f76c3bf3b7b2c24a', '[\"*\"]', NULL, NULL, '2025-12-30 16:42:24', '2025-12-30 16:42:24');

-- --------------------------------------------------------

--
-- Estructura de tabla para la tabla `registro_parqueaderos`
--

CREATE TABLE `registro_parqueaderos` (
  `id` bigint(20) UNSIGNED NOT NULL,
  `parqueadero_id` bigint(20) UNSIGNED NOT NULL,
  `vehiculo_id` bigint(20) UNSIGNED NOT NULL,
  `created_at` timestamp NULL DEFAULT NULL,
  `updated_at` timestamp NULL DEFAULT NULL,
  `casa_id` bigint(20) UNSIGNED NOT NULL
) ENGINE=InnoDB DEFAULT CHARSET=utf8mb4 COLLATE=utf8mb4_unicode_ci;

--
-- Volcado de datos para la tabla `registro_parqueaderos`
--

INSERT INTO `registro_parqueaderos` (`id`, `parqueadero_id`, `vehiculo_id`, `created_at`, `updated_at`, `casa_id`) VALUES
(7, 1, 1, '2025-10-03 05:55:07', '2025-10-03 05:55:07', 1),
(8, 2, 1, '2025-10-03 05:56:34', '2025-10-05 23:28:10', 1),
(9, 3, 3, '2025-10-03 05:56:52', '2025-10-03 05:58:56', 3),
(10, 5, 4, '2025-10-03 06:48:48', '2025-10-03 06:48:48', 2);

-- --------------------------------------------------------

--
-- Estructura de tabla para la tabla `registro_personas`
--

CREATE TABLE `registro_personas` (
  `id` bigint(20) UNSIGNED NOT NULL,
  `nombre` varchar(255) COLLATE utf8mb4_unicode_ci NOT NULL,
  `documento` varchar(100) COLLATE utf8mb4_unicode_ci NOT NULL,
  `mes` varchar(50) COLLATE utf8mb4_unicode_ci NOT NULL,
  `foto` varchar(255) COLLATE utf8mb4_unicode_ci DEFAULT NULL,
  `salida` timestamp NULL DEFAULT NULL,
  `casa_id` bigint(20) UNSIGNED NOT NULL,
  `created_at` timestamp NULL DEFAULT NULL,
  `updated_at` timestamp NULL DEFAULT NULL
) ENGINE=InnoDB DEFAULT CHARSET=utf8mb4 COLLATE=utf8mb4_unicode_ci;

--
-- Volcado de datos para la tabla `registro_personas`
--

INSERT INTO `registro_personas` (`id`, `nombre`, `documento`, `mes`, `foto`, `salida`, `casa_id`, `created_at`, `updated_at`) VALUES
(1, 'Mario Perez', '123456789', 'Noviembre', 'hw0vG4Alf2OI6ooTJVXAV43qZRriR7cQU2ehN7IQ.png', NULL, 1, '2025-11-16 22:15:17', '2025-11-16 22:15:17'),
(2, 'Mario Perez', '1094912960', 'Noviembre', 'MDoz30b6jGIxLUeRC3jjcrm7FErU9u4iUUJwiTIT.jpg', NULL, 1, '2025-11-16 23:11:51', '2025-11-16 23:11:51'),
(3, 'Mario Perez', '1094912960', 'Noviembre', 'ynKGKaLvS1TyMZHOTdOqJK4l1b5JTZjeo73z756G.jpg', NULL, 2, '2025-11-17 23:15:37', '2025-11-17 23:15:37'),
(4, 'Mario Perez', '1094912960', 'Noviembre', 'cam_1763430802.jpg', NULL, 1, '2025-11-18 06:53:22', '2025-11-18 06:53:22'),
(5, 'Mario Perez', '1094912960', 'Noviembre', NULL, NULL, 1, '2025-11-18 07:00:00', '2025-11-18 07:00:00'),
(6, 'Mario Perez', '1094912960', 'Noviembre', NULL, NULL, 1, '2025-11-18 07:09:13', '2025-11-18 07:09:13'),
(7, 'Mario Perez', '1094912960', 'Noviembre', 'foto_202511181423105.jpeg', NULL, 5, '2025-11-18 19:23:11', '2025-11-18 19:23:11'),
(8, 'Mario Perez', '1094912960', 'Diciembre', 'foto_202512020154110.jpeg', '2025-12-02 07:03:55', 2, '2025-12-02 06:54:11', '2025-12-02 07:03:55');

-- --------------------------------------------------------

--
-- Estructura de tabla para la tabla `reglas_umbral`
--

CREATE TABLE `reglas_umbral` (
  `id` bigint(20) UNSIGNED NOT NULL,
  `tipo_vehiculo_id` bigint(20) UNSIGNED NOT NULL,
  `banda_horaria_id` bigint(20) UNSIGNED DEFAULT NULL,
  `minutos_umbral` int(11) NOT NULL,
  `valor_umbral` decimal(10,2) NOT NULL,
  `activo` tinyint(1) NOT NULL DEFAULT '1',
  `created_at` timestamp NULL DEFAULT NULL,
  `updated_at` timestamp NULL DEFAULT NULL
) ENGINE=InnoDB DEFAULT CHARSET=utf8mb4 COLLATE=utf8mb4_unicode_ci;

-- --------------------------------------------------------

--
-- Estructura de tabla para la tabla `reports`
--

CREATE TABLE `reports` (
  `id` bigint(20) UNSIGNED NOT NULL,
  `invoice_number` varchar(255) COLLATE utf8mb4_unicode_ci NOT NULL,
  `client_id` bigint(20) UNSIGNED NOT NULL,
  `vehicle_id` bigint(20) UNSIGNED NOT NULL,
  `amount` varchar(255) COLLATE utf8mb4_unicode_ci NOT NULL,
  `invoice_date` date NOT NULL,
  `created_at` timestamp NULL DEFAULT NULL,
  `updated_at` timestamp NULL DEFAULT NULL
) ENGINE=InnoDB DEFAULT CHARSET=utf8mb4 COLLATE=utf8mb4_unicode_ci;

-- --------------------------------------------------------

--
-- Estructura de tabla para la tabla `reservas_zonas`
--

CREATE TABLE `reservas_zonas` (
  `id` bigint(20) UNSIGNED NOT NULL,
  `nombre_completo` varchar(255) COLLATE utf8mb4_unicode_ci NOT NULL,
  `identificacion` varchar(255) COLLATE utf8mb4_unicode_ci NOT NULL,
  `conjunto_id` bigint(20) UNSIGNED NOT NULL,
  `zona_id` bigint(20) UNSIGNED NOT NULL,
  `inicio` datetime NOT NULL,
  `fin` datetime NOT NULL,
  `estado` enum('aprobada') COLLATE utf8mb4_unicode_ci NOT NULL DEFAULT 'aprobada',
  `asistencia` varchar(255) COLLATE utf8mb4_unicode_ci NOT NULL,
  `mes` varchar(255) COLLATE utf8mb4_unicode_ci NOT NULL,
  `fecha` date NOT NULL,
  `interior` varchar(255) COLLATE utf8mb4_unicode_ci NOT NULL,
  `apartamento` varchar(255) COLLATE utf8mb4_unicode_ci NOT NULL,
  `tipo_residente` varchar(255) COLLATE utf8mb4_unicode_ci NOT NULL,
  `email` varchar(255) COLLATE utf8mb4_unicode_ci NOT NULL,
  `celular` varchar(255) COLLATE utf8mb4_unicode_ci NOT NULL,
  `created_at` timestamp NULL DEFAULT NULL,
  `updated_at` timestamp NULL DEFAULT NULL
) ENGINE=InnoDB DEFAULT CHARSET=utf8mb4 COLLATE=utf8mb4_unicode_ci;

-- --------------------------------------------------------

--
-- Estructura de tabla para la tabla `reservations`
--

CREATE TABLE `reservations` (
  `id` bigint(20) UNSIGNED NOT NULL,
  `client_id` bigint(20) UNSIGNED NOT NULL,
  `vehicle_id` bigint(20) UNSIGNED NOT NULL,
  `space_id` bigint(20) UNSIGNED NOT NULL,
  `fecha_inicio` datetime NOT NULL,
  `fecha_fin` datetime DEFAULT NULL,
  `estado` enum('pendiente','activa','finalizada','cancelada') COLLATE utf8mb4_unicode_ci NOT NULL DEFAULT 'pendiente',
  `created_at` timestamp NULL DEFAULT NULL,
  `updated_at` timestamp NULL DEFAULT NULL
) ENGINE=InnoDB DEFAULT CHARSET=utf8mb4 COLLATE=utf8mb4_unicode_ci;

-- --------------------------------------------------------

--
-- Estructura de tabla para la tabla `residentes`
--

CREATE TABLE `residentes` (
  `id` bigint(20) UNSIGNED NOT NULL,
  `conjunto_id` bigint(20) UNSIGNED NOT NULL,
  `casa_id` bigint(20) UNSIGNED NOT NULL,
  `usuario_id` bigint(20) UNSIGNED NOT NULL,
  `estado` varchar(255) COLLATE utf8mb4_unicode_ci NOT NULL,
  `tipo_residente` varchar(255) COLLATE utf8mb4_unicode_ci NOT NULL,
  `created_at` timestamp NULL DEFAULT NULL,
  `updated_at` timestamp NULL DEFAULT NULL
) ENGINE=InnoDB DEFAULT CHARSET=utf8mb4 COLLATE=utf8mb4_unicode_ci;

--
-- Volcado de datos para la tabla `residentes`
--

INSERT INTO `residentes` (`id`, `conjunto_id`, `casa_id`, `usuario_id`, `estado`, `tipo_residente`, `created_at`, `updated_at`) VALUES
(1, 1, 3, 1, 'Activo', 'Propietario', '2025-09-01 21:35:12', '2025-10-03 06:50:03'),
(2, 1, 1, 2, 'Activo', 'Arrendatario', '2025-10-02 05:43:36', '2025-10-02 07:08:08'),
(3, 1, 4, 3, 'Activo', 'Propietario', '2025-10-02 05:43:42', '2025-10-02 06:35:03'),
(4, 1, 1, 3, 'Activo', 'Propietario', '2025-10-02 06:35:57', '2025-10-03 06:50:22'),
(5, 1, 2, 1, 'Activo', 'Propietario', '2025-10-02 06:46:32', '2025-10-02 06:46:32'),
(6, 2, 1, 4, 'Activo', 'Propietario', '2025-11-18 03:18:32', '2025-11-18 03:18:32'),
(7, 2, 2, 5, 'Activo', 'Arrendatario', '2025-11-18 03:18:33', '2025-11-18 03:18:33'),
(8, 2, 3, 6, 'Activo', 'Propietario', '2025-11-18 03:18:33', '2025-11-18 03:18:33'),
(9, 2, 4, 7, 'Activo', 'Propietario', '2025-11-18 03:18:34', '2025-11-18 03:18:34'),
(10, 2, 5, 8, 'Activo', 'Propietario', '2025-11-18 03:18:35', '2025-11-18 03:18:35'),
(11, 2, 6, 9, 'Activo', 'Propietario', '2025-11-18 03:18:36', '2025-11-18 03:18:36'),
(12, 2, 7, 10, 'Activo', 'Arrendatario', '2025-11-18 03:18:38', '2025-11-18 03:18:38'),
(13, 2, 8, 11, 'Activo', 'Propietario', '2025-11-18 03:18:39', '2025-11-18 03:18:39'),
(14, 2, 9, 12, 'Activo', 'Arrendatario', '2025-11-18 03:18:40', '2025-11-18 03:18:40'),
(15, 2, 10, 13, 'Activo', 'Propietario', '2025-11-18 03:18:41', '2025-11-18 03:18:41'),
(16, 2, 11, 14, 'Activo', 'Propietario', '2025-11-18 03:18:41', '2025-11-18 03:18:41'),
(17, 2, 12, 15, 'Activo', 'Propietario', '2025-11-18 03:18:42', '2025-11-18 03:18:42'),
(18, 2, 13, 16, 'Activo', 'Arrendatario', '2025-11-18 03:18:42', '2025-11-18 03:18:42'),
(19, 2, 14, 17, 'Activo', 'Propietario', '2025-11-18 03:18:43', '2025-11-18 03:18:43'),
(20, 2, 15, 18, 'Activo', 'Arrendatario', '2025-11-18 03:18:43', '2025-11-18 03:18:43'),
(21, 2, 16, 19, 'Activo', 'Propietario', '2025-11-18 03:18:44', '2025-11-18 03:18:44'),
(22, 2, 17, 20, 'Activo', 'Propietario', '2025-11-18 03:18:45', '2025-11-18 03:18:45'),
(23, 2, 18, 21, 'Activo', 'Propietario', '2025-11-18 03:18:46', '2025-11-18 03:18:46'),
(24, 2, 19, 22, 'Activo', 'Propietario', '2025-11-18 03:18:47', '2025-11-18 03:18:47'),
(25, 2, 20, 23, 'Activo', 'Arrendatario', '2025-11-18 03:18:48', '2025-11-18 03:18:48'),
(26, 2, 21, 24, 'Activo', 'Propietario', '2025-11-18 03:18:49', '2025-11-18 03:18:49'),
(27, 2, 22, 25, 'Activo', 'Arrendatario', '2025-11-18 03:18:50', '2025-11-18 03:18:50'),
(28, 2, 23, 26, 'Activo', 'Propietario', '2025-11-18 03:18:50', '2025-11-18 03:18:50'),
(29, 2, 24, 27, 'Activo', 'Arrendatario', '2025-11-18 03:18:51', '2025-11-18 03:18:51'),
(30, 2, 25, 28, 'Activo', 'Propietario', '2025-11-18 03:18:51', '2025-11-18 03:18:51'),
(31, 2, 26, 29, 'Activo', 'Propietario', '2025-11-18 03:18:52', '2025-11-18 03:18:52'),
(32, 2, 27, 30, 'Activo', 'Propietario', '2025-11-18 03:18:52', '2025-11-18 03:18:52'),
(33, 2, 28, 31, 'Activo', 'Propietario', '2025-11-18 03:18:53', '2025-11-18 03:18:53'),
(34, 2, 29, 32, 'Activo', 'Propietario', '2025-11-18 03:18:53', '2025-11-18 03:18:53'),
(35, 2, 30, 33, 'Activo', 'Arrendatario', '2025-11-18 03:18:54', '2025-11-18 03:18:54'),
(36, 2, 31, 34, 'Activo', 'Propietario', '2025-11-18 03:18:54', '2025-11-18 03:18:54'),
(37, 2, 32, 35, 'Activo', 'Propietario', '2025-11-18 03:18:54', '2025-11-18 03:18:54'),
(38, 2, 33, 36, 'Activo', 'Propietario', '2025-11-18 03:18:55', '2025-11-18 03:18:55'),
(39, 2, 34, 37, 'Activo', 'Propietario', '2025-11-18 03:18:55', '2025-11-18 03:18:55'),
(40, 2, 35, 38, 'Activo', 'Propietario', '2025-11-18 03:18:56', '2025-11-18 03:18:56'),
(41, 2, 36, 39, 'Activo', 'Arrendatario', '2025-11-18 03:18:56', '2025-11-18 03:18:56'),
(42, 2, 37, 40, 'Activo', 'Propietario', '2025-11-18 03:18:57', '2025-11-18 03:18:57'),
(43, 2, 38, 41, 'Activo', 'Propietario', '2025-11-18 03:18:57', '2025-11-18 03:18:57'),
(44, 2, 39, 42, 'Activo', 'Propietario', '2025-11-18 03:18:57', '2025-11-18 03:18:57'),
(45, 2, 40, 43, 'Activo', 'Propietario', '2025-11-18 03:18:58', '2025-11-18 03:18:58'),
(46, 2, 41, 44, 'Activo', 'Propietario', '2025-11-18 03:18:58', '2025-11-18 03:18:58'),
(47, 2, 42, 45, 'Activo', 'Arrendatario', '2025-11-18 03:18:59', '2025-11-18 03:18:59'),
(48, 2, 43, 46, 'Activo', 'Propietario', '2025-11-18 03:18:59', '2025-11-18 03:18:59'),
(49, 2, 44, 47, 'Activo', 'Propietario', '2025-11-18 03:19:00', '2025-11-18 03:19:00'),
(50, 2, 45, 48, 'Activo', 'Arrendatario', '2025-11-18 03:19:00', '2025-11-18 03:19:00'),
(51, 2, 46, 49, 'Activo', 'Propietario', '2025-11-18 03:19:01', '2025-11-18 03:19:01'),
(52, 2, 47, 50, 'Activo', 'Arrendatario', '2025-11-18 03:19:01', '2025-11-18 03:19:01'),
(53, 2, 48, 51, 'Activo', 'Propietario', '2025-11-18 03:19:02', '2025-11-18 03:19:02'),
(54, 2, 49, 52, 'Activo', 'Arrendatario', '2025-11-18 03:19:02', '2025-11-18 03:19:02'),
(55, 2, 50, 53, 'Activo', 'Propietario', '2025-11-18 03:19:03', '2025-11-18 03:19:03'),
(56, 2, 51, 54, 'Activo', 'Propietario', '2025-11-18 03:19:03', '2025-11-18 03:19:03'),
(57, 2, 52, 55, 'Activo', 'Propietario', '2025-11-18 03:19:04', '2025-11-18 03:19:04'),
(58, 2, 53, 56, 'Activo', 'Propietario', '2025-11-18 03:19:04', '2025-11-18 03:19:04'),
(59, 2, 54, 56, 'Activo', 'Propietario', '2025-11-18 03:19:05', '2025-11-18 03:19:05'),
(60, 2, 55, 58, 'Activo', 'Propietario', '2025-11-18 03:19:05', '2025-11-18 03:19:05'),
(61, 2, 56, 59, 'Activo', 'Arrendatario', '2025-11-18 03:19:05', '2025-11-18 03:19:05'),
(62, 2, 57, 60, 'Activo', 'Propietario', '2025-11-18 03:19:06', '2025-11-18 03:19:06'),
(63, 2, 58, 61, 'Activo', 'Propietario', '2025-11-18 03:19:06', '2025-11-18 03:19:06'),
(64, 2, 59, 62, 'Activo', 'Propietario', '2025-11-18 03:19:07', '2025-11-18 03:19:07'),
(65, 2, 60, 63, 'Activo', 'Propietario', '2025-11-18 03:19:07', '2025-11-18 03:19:07'),
(66, 2, 61, 64, 'Activo', 'Arrendatario', '2025-11-18 03:19:08', '2025-11-18 03:19:08'),
(67, 2, 62, 65, 'Activo', 'Propietario', '2025-11-18 03:19:09', '2025-11-18 03:19:09'),
(68, 2, 63, 66, 'Activo', 'Arrendatario', '2025-11-18 03:19:09', '2025-11-18 03:19:09'),
(69, 2, 64, 67, 'Activo', 'Propietario', '2025-11-18 03:19:10', '2025-11-18 03:19:10'),
(70, 2, 65, 68, 'Activo', 'Arrendatario', '2025-11-18 03:19:10', '2025-11-18 03:19:10'),
(71, 2, 66, 69, 'Activo', 'Propietario', '2025-11-18 03:19:11', '2025-11-18 03:19:11'),
(72, 2, 67, 70, 'Activo', 'Propietario', '2025-11-18 03:19:12', '2025-11-18 03:19:12'),
(73, 2, 68, 71, 'Activo', 'Arrendatario', '2025-11-18 03:19:12', '2025-11-18 03:19:12'),
(74, 2, 69, 72, 'Activo', 'Propietario', '2025-11-18 03:19:13', '2025-11-18 03:19:13'),
(75, 2, 70, 73, 'Activo', 'Arrendatario', '2025-11-18 03:19:13', '2025-11-18 03:19:13'),
(76, 2, 71, 74, 'Activo', 'Propietario', '2025-11-18 03:19:13', '2025-11-18 03:19:13'),
(77, 2, 72, 75, 'Activo', 'Propietario', '2025-11-18 03:19:14', '2025-11-18 03:19:14'),
(78, 2, 73, 76, 'Activo', 'Arrendatario', '2025-11-18 03:19:14', '2025-11-18 03:19:14'),
(79, 2, 74, 77, 'Activo', 'Propietario', '2025-11-18 03:19:15', '2025-11-18 03:19:15'),
(80, 2, 75, 78, 'Activo', 'Arrendatario', '2025-11-18 03:19:15', '2025-11-18 03:19:15'),
(81, 2, 76, 79, 'Activo', 'Propietario', '2025-11-18 03:19:16', '2025-11-18 03:19:16'),
(82, 2, 77, 80, 'Activo', 'Propietario', '2025-11-18 03:19:16', '2025-11-18 03:19:16'),
(83, 2, 78, 81, 'Activo', 'Propietario', '2025-11-18 03:19:17', '2025-11-18 03:19:17'),
(84, 2, 79, 82, 'Activo', 'Propietario', '2025-11-18 03:19:17', '2025-11-18 03:19:17'),
(85, 2, 80, 83, 'Activo', 'Propietario', '2025-11-18 03:19:18', '2025-11-18 03:19:18'),
(86, 2, 81, 84, 'Activo', 'Propietario', '2025-11-18 03:19:18', '2025-11-18 03:19:18'),
(87, 2, 82, 85, 'Activo', 'Arrendatario', '2025-11-18 03:19:19', '2025-11-18 03:19:19'),
(88, 2, 83, 86, 'Activo', 'Propietario', '2025-11-18 03:19:19', '2025-11-18 03:19:19'),
(89, 2, 84, 87, 'Activo', 'Arrendatario', '2025-11-18 03:19:20', '2025-11-18 03:19:20'),
(90, 2, 85, 88, 'Activo', 'Propietario', '2025-11-18 03:19:20', '2025-11-18 03:19:20'),
(91, 2, 86, 89, 'Activo', 'Arrendatario', '2025-11-18 03:19:20', '2025-11-18 03:19:20'),
(92, 2, 87, 90, 'Activo', 'Propietario', '2025-11-18 03:19:21', '2025-11-18 03:19:21'),
(93, 2, 88, 91, 'Activo', 'Arrendatario', '2025-11-18 03:19:21', '2025-11-18 03:19:21'),
(94, 2, 89, 92, 'Activo', 'Propietario', '2025-11-18 03:19:22', '2025-11-18 03:19:22'),
(95, 2, 90, 93, 'Activo', 'Propietario', '2025-11-18 03:19:22', '2025-11-18 03:19:22'),
(96, 2, 91, 94, 'Activo', 'Propietario', '2025-11-18 03:19:23', '2025-11-18 03:19:23'),
(97, 2, 92, 95, 'Activo', 'Propietario', '2025-11-18 03:19:23', '2025-11-18 03:19:23'),
(98, 2, 93, 96, 'Activo', 'Arrendatario', '2025-11-18 03:19:24', '2025-11-18 03:19:24'),
(99, 2, 94, 58, 'Activo', 'Propietario', '2025-11-18 03:19:24', '2025-11-18 03:19:24'),
(100, 2, 95, 98, 'Activo', 'Arrendatario', '2025-11-18 03:19:24', '2025-11-18 03:19:24'),
(101, 2, 96, 99, 'Activo', 'Propietario', '2025-11-18 03:19:25', '2025-11-18 03:19:25'),
(102, 2, 97, 100, 'Activo', 'Propietario', '2025-11-18 03:19:25', '2025-11-18 03:19:25'),
(103, 2, 98, 101, 'Activo', 'Propietario', '2025-11-18 03:19:26', '2025-11-18 03:19:26'),
(104, 2, 99, 102, 'Activo', 'Propietario', '2025-11-18 03:19:26', '2025-11-18 03:19:26'),
(105, 2, 100, 103, 'Activo', 'Propietario', '2025-11-18 03:19:27', '2025-11-18 03:19:27'),
(106, 2, 101, 104, 'Activo', 'Propietario', '2025-11-18 03:19:27', '2025-11-18 03:19:27'),
(107, 2, 102, 105, 'Activo', 'Propietario', '2025-11-18 03:19:28', '2025-11-18 03:19:28'),
(108, 2, 103, 106, 'Activo', 'Arrendatario', '2025-11-18 03:19:28', '2025-11-18 03:19:28'),
(109, 2, 104, 107, 'Activo', 'Propietario', '2025-11-18 03:19:29', '2025-11-18 03:19:29'),
(110, 2, 105, 108, 'Activo', 'Propietario', '2025-11-18 03:19:29', '2025-11-18 03:19:29'),
(111, 2, 106, 109, 'Activo', 'Propietario', '2025-11-18 03:19:30', '2025-11-18 03:19:30'),
(112, 2, 107, 110, 'Activo', 'Propietario', '2025-11-18 03:19:30', '2025-11-18 03:19:30'),
(113, 2, 108, 111, 'Activo', 'Arrendatario', '2025-11-18 03:19:31', '2025-11-18 03:19:31'),
(114, 2, 109, 112, 'Activo', 'Propietario', '2025-11-18 03:19:31', '2025-11-18 03:19:31'),
(115, 2, 110, 113, 'Activo', 'Propietario', '2025-11-18 03:19:32', '2025-11-18 03:19:32'),
(116, 2, 111, 114, 'Activo', 'Propietario', '2025-11-18 03:19:33', '2025-11-18 03:19:33'),
(117, 2, 112, 115, 'Activo', 'Arrendatario', '2025-11-18 03:19:34', '2025-11-18 03:19:34'),
(118, 2, 113, 116, 'Activo', 'Propietario', '2025-11-18 03:19:35', '2025-11-18 03:19:35'),
(119, 2, 114, 117, 'Activo', 'Propietario', '2025-11-18 03:19:36', '2025-11-18 03:19:36'),
(120, 2, 115, 118, 'Activo', 'Arrendatario', '2025-11-18 03:19:36', '2025-11-18 03:19:36'),
(121, 2, 116, 119, 'Activo', 'Propietario', '2025-11-18 03:19:38', '2025-11-18 03:19:38'),
(122, 2, 117, 120, 'Activo', 'Propietario', '2025-11-18 03:19:38', '2025-11-18 03:19:38'),
(123, 2, 118, 121, 'Activo', 'Propietario', '2025-11-18 03:19:39', '2025-11-18 03:19:39'),
(124, 2, 119, 122, 'Activo', 'Propietario', '2025-11-18 03:19:39', '2025-11-18 03:19:39'),
(125, 2, 120, 123, 'Activo', 'Propietario', '2025-11-18 03:19:40', '2025-11-18 03:19:40'),
(126, 2, 121, 124, 'Activo', 'Propietario', '2025-11-18 03:19:40', '2025-11-18 03:19:40'),
(127, 2, 122, 125, 'Activo', 'Propietario', '2025-11-18 03:19:41', '2025-11-18 03:19:41'),
(128, 2, 123, 126, 'Activo', 'Propietario', '2025-11-18 03:19:41', '2025-11-18 03:19:41'),
(129, 2, 124, 127, 'Activo', 'Arrendatario', '2025-11-18 03:19:42', '2025-11-18 03:19:42');

-- --------------------------------------------------------

--
-- Estructura de tabla para la tabla `respuesta_foros`
--

CREATE TABLE `respuesta_foros` (
  `id` bigint(20) UNSIGNED NOT NULL,
  `foro_id` bigint(20) UNSIGNED NOT NULL,
  `usuario_id` bigint(20) UNSIGNED NOT NULL,
  `descripcion` longtext COLLATE utf8mb4_unicode_ci NOT NULL,
  `descripcion_admin` longtext COLLATE utf8mb4_unicode_ci,
  `created_at` timestamp NULL DEFAULT NULL,
  `updated_at` timestamp NULL DEFAULT NULL,
  `mes` varchar(255) COLLATE utf8mb4_unicode_ci NOT NULL
) ENGINE=InnoDB DEFAULT CHARSET=utf8mb4 COLLATE=utf8mb4_unicode_ci;

-- --------------------------------------------------------

--
-- Estructura de tabla para la tabla `roles`
--

CREATE TABLE `roles` (
  `id` bigint(20) UNSIGNED NOT NULL,
  `name` varchar(255) COLLATE utf8mb4_unicode_ci NOT NULL,
  `guard_name` varchar(255) COLLATE utf8mb4_unicode_ci NOT NULL,
  `created_at` timestamp NULL DEFAULT NULL,
  `updated_at` timestamp NULL DEFAULT NULL
) ENGINE=InnoDB DEFAULT CHARSET=utf8mb4 COLLATE=utf8mb4_unicode_ci;

--
-- Volcado de datos para la tabla `roles`
--

INSERT INTO `roles` (`id`, `name`, `guard_name`, `created_at`, `updated_at`) VALUES
(1, 'citoapp', 'web', '2024-12-20 06:01:21', '2024-12-20 06:01:21'),
(2, 'administrador', 'web', '2024-12-20 06:01:21', '2024-12-20 06:01:21'),
(3, 'residente', 'web', '2024-12-20 06:01:21', '2024-12-20 06:01:21'),
(4, 'test', 'web', '2025-08-30 19:34:21', '2025-08-30 19:34:21');

-- --------------------------------------------------------

--
-- Estructura de tabla para la tabla `role_has_permissions`
--

CREATE TABLE `role_has_permissions` (
  `permission_id` bigint(20) UNSIGNED NOT NULL,
  `role_id` bigint(20) UNSIGNED NOT NULL
) ENGINE=InnoDB DEFAULT CHARSET=utf8mb4 COLLATE=utf8mb4_unicode_ci;

--
-- Volcado de datos para la tabla `role_has_permissions`
--

INSERT INTO `role_has_permissions` (`permission_id`, `role_id`) VALUES
(1, 1),
(2, 1),
(3, 1),
(4, 1),
(5, 1),
(6, 1),
(7, 1),
(8, 1),
(9, 1),
(10, 1),
(11, 1),
(12, 1),
(13, 1),
(14, 1),
(15, 1),
(16, 1),
(17, 1),
(18, 1),
(19, 1),
(20, 1),
(21, 1),
(22, 1),
(23, 1),
(24, 1),
(25, 1),
(26, 1),
(27, 1),
(28, 1),
(29, 1),
(30, 1),
(31, 1),
(32, 1),
(33, 1),
(34, 1),
(35, 1),
(36, 1),
(37, 1),
(38, 1),
(39, 1),
(40, 1),
(41, 1),
(42, 1),
(43, 1),
(45, 1),
(46, 1),
(47, 1),
(49, 1),
(50, 1),
(51, 1),
(52, 1),
(53, 1),
(54, 1),
(55, 1),
(56, 1),
(57, 1),
(58, 1),
(59, 1),
(60, 1),
(61, 1),
(62, 1),
(63, 1),
(64, 1),
(65, 1),
(1, 2),
(2, 2),
(3, 2),
(4, 2),
(5, 2),
(6, 2),
(7, 2),
(8, 2),
(9, 2),
(10, 2),
(11, 2),
(12, 2),
(13, 2),
(14, 2),
(15, 2),
(16, 2),
(17, 2),
(18, 2),
(19, 2),
(20, 2),
(21, 2),
(22, 2),
(23, 2),
(24, 2),
(25, 2),
(1, 3),
(2, 3),
(3, 3),
(4, 3),
(5, 3),
(6, 3),
(10, 3),
(1, 4),
(2, 4),
(3, 4),
(4, 4),
(5, 4),
(6, 4),
(7, 4),
(8, 4),
(9, 4),
(10, 4),
(11, 4),
(12, 4),
(13, 4),
(14, 4),
(15, 4),
(16, 4),
(17, 4),
(18, 4),
(19, 4),
(20, 4),
(21, 4),
(22, 4),
(23, 4),
(24, 4),
(25, 4),
(26, 4),
(27, 4),
(28, 4),
(29, 4),
(30, 4),
(31, 4),
(32, 4),
(33, 4),
(34, 4),
(35, 4),
(36, 4),
(37, 4),
(38, 4),
(39, 4),
(40, 4),
(41, 4),
(42, 4),
(43, 4),
(45, 4),
(46, 4);

-- --------------------------------------------------------

--
-- Estructura de tabla para la tabla `sessions`
--

CREATE TABLE `sessions` (
  `id` varchar(255) COLLATE utf8mb4_unicode_ci NOT NULL,
  `user_id` bigint(20) UNSIGNED DEFAULT NULL,
  `ip_address` varchar(45) COLLATE utf8mb4_unicode_ci DEFAULT NULL,
  `user_agent` text COLLATE utf8mb4_unicode_ci,
  `payload` longtext COLLATE utf8mb4_unicode_ci NOT NULL,
  `last_activity` int(11) NOT NULL
) ENGINE=InnoDB DEFAULT CHARSET=utf8mb4 COLLATE=utf8mb4_unicode_ci;

-- --------------------------------------------------------

--
-- Estructura de tabla para la tabla `spaces`
--

CREATE TABLE `spaces` (
  `id` bigint(20) UNSIGNED NOT NULL,
  `numero` varchar(255) COLLATE utf8mb4_unicode_ci NOT NULL,
  `ubicacion` varchar(255) COLLATE utf8mb4_unicode_ci DEFAULT NULL,
  `tipo` enum('carro','moto','bicicleta') COLLATE utf8mb4_unicode_ci NOT NULL DEFAULT 'carro',
  `estado` enum('disponible','ocupado','reservado') COLLATE utf8mb4_unicode_ci NOT NULL DEFAULT 'disponible',
  `created_at` timestamp NULL DEFAULT NULL,
  `updated_at` timestamp NULL DEFAULT NULL
) ENGINE=InnoDB DEFAULT CHARSET=utf8mb4 COLLATE=utf8mb4_unicode_ci;

--
-- Volcado de datos para la tabla `spaces`
--

INSERT INTO `spaces` (`id`, `numero`, `ubicacion`, `tipo`, `estado`, `created_at`, `updated_at`) VALUES
(1, '1', 'bajos', 'moto', 'disponible', '2025-11-19 23:42:27', '2025-11-19 23:42:27'),
(2, '22', 'bajos', 'carro', 'disponible', '2025-11-21 07:41:39', '2025-11-21 07:41:39');

-- --------------------------------------------------------

--
-- Estructura de tabla para la tabla `tarifas_conjuntos`
--

CREATE TABLE `tarifas_conjuntos` (
  `id` bigint(20) UNSIGNED NOT NULL,
  `tipo` varchar(255) COLLATE utf8mb4_unicode_ci NOT NULL,
  `descripcion` varchar(255) COLLATE utf8mb4_unicode_ci NOT NULL,
  `estado` varchar(255) COLLATE utf8mb4_unicode_ci NOT NULL,
  `valor` varchar(255) COLLATE utf8mb4_unicode_ci NOT NULL,
  `created_at` timestamp NULL DEFAULT NULL,
  `updated_at` timestamp NULL DEFAULT NULL
) ENGINE=InnoDB DEFAULT CHARSET=utf8mb4 COLLATE=utf8mb4_unicode_ci;

-- --------------------------------------------------------

--
-- Estructura de tabla para la tabla `tarifas_parqueadero_visitantes`
--

CREATE TABLE `tarifas_parqueadero_visitantes` (
  `id` bigint(20) UNSIGNED NOT NULL,
  `tipo_vehiculo` varchar(255) COLLATE utf8mb4_unicode_ci NOT NULL,
  `tarifa_hora` varchar(255) COLLATE utf8mb4_unicode_ci NOT NULL,
  `tarifa_minuto` varchar(255) COLLATE utf8mb4_unicode_ci NOT NULL,
  `tarifa_umbral` varchar(255) COLLATE utf8mb4_unicode_ci NOT NULL,
  `tarifa_dia` varchar(255) COLLATE utf8mb4_unicode_ci NOT NULL,
  `tarifa_noche` varchar(255) COLLATE utf8mb4_unicode_ci NOT NULL,
  `tarifa_mes` varchar(255) COLLATE utf8mb4_unicode_ci NOT NULL,
  `created_at` timestamp NULL DEFAULT NULL,
  `updated_at` timestamp NULL DEFAULT NULL
) ENGINE=InnoDB DEFAULT CHARSET=utf8mb4 COLLATE=utf8mb4_unicode_ci;

--
-- Volcado de datos para la tabla `tarifas_parqueadero_visitantes`
--

INSERT INTO `tarifas_parqueadero_visitantes` (`id`, `tipo_vehiculo`, `tarifa_hora`, `tarifa_minuto`, `tarifa_umbral`, `tarifa_dia`, `tarifa_noche`, `tarifa_mes`, `created_at`, `updated_at`) VALUES
(1, 'carro', '0', '0', '0', '0', '0', '0', '2025-09-08 01:39:23', '2025-09-08 01:39:23'),
(2, 'carro', '0', '0', '0', '0', '0', '0', '2025-09-08 01:50:26', '2025-09-08 01:50:26');

-- --------------------------------------------------------

--
-- Estructura de tabla para la tabla `tarifas_vehiculos`
--

CREATE TABLE `tarifas_vehiculos` (
  `id` bigint(20) UNSIGNED NOT NULL,
  `tipo_vehiculo_id` bigint(20) UNSIGNED NOT NULL,
  `banda_horaria_id` bigint(20) UNSIGNED DEFAULT NULL,
  `tarifa_por_minuto` decimal(10,2) DEFAULT NULL,
  `tarifa_por_hora` decimal(10,2) DEFAULT NULL,
  `minimo_redondeo` int(10) UNSIGNED DEFAULT NULL,
  `tarifa_maxima` decimal(10,2) DEFAULT NULL,
  `desde_horas` time DEFAULT NULL,
  `hasta_horas` time DEFAULT NULL,
  `tarifa_plana` decimal(10,2) DEFAULT NULL,
  `aplica_tarifa_plana` enum('ninguna','ingreso','por_banda') COLLATE utf8mb4_unicode_ci NOT NULL DEFAULT 'ninguna',
  `prioridad` tinyint(3) UNSIGNED NOT NULL DEFAULT '100',
  `activo` tinyint(1) NOT NULL DEFAULT '1',
  `created_at` timestamp NULL DEFAULT NULL,
  `updated_at` timestamp NULL DEFAULT NULL
) ENGINE=InnoDB DEFAULT CHARSET=utf8mb4 COLLATE=utf8mb4_unicode_ci;

--
-- Volcado de datos para la tabla `tarifas_vehiculos`
--

INSERT INTO `tarifas_vehiculos` (`id`, `tipo_vehiculo_id`, `banda_horaria_id`, `tarifa_por_minuto`, `tarifa_por_hora`, `minimo_redondeo`, `tarifa_maxima`, `desde_horas`, `hasta_horas`, `tarifa_plana`, `aplica_tarifa_plana`, `prioridad`, `activo`, `created_at`, `updated_at`) VALUES
(1, 1, NULL, 2323.00, 2323.00, 50, 2323.00, '17:43:00', '20:43:00', 5555.00, 'ninguna', 1, 1, '2025-09-28 03:43:39', '2025-09-28 03:43:39');

-- --------------------------------------------------------

--
-- Estructura de tabla para la tabla `tipos_vehiculos`
--

CREATE TABLE `tipos_vehiculos` (
  `id` bigint(20) UNSIGNED NOT NULL,
  `nombre` varchar(255) COLLATE utf8mb4_unicode_ci NOT NULL,
  `slug` varchar(255) COLLATE utf8mb4_unicode_ci NOT NULL,
  `descripcion` varchar(255) COLLATE utf8mb4_unicode_ci DEFAULT NULL,
  `cupos` int(10) UNSIGNED NOT NULL DEFAULT '0',
  `created_at` timestamp NULL DEFAULT NULL,
  `updated_at` timestamp NULL DEFAULT NULL
) ENGINE=InnoDB DEFAULT CHARSET=utf8mb4 COLLATE=utf8mb4_unicode_ci;

--
-- Volcado de datos para la tabla `tipos_vehiculos`
--

INSERT INTO `tipos_vehiculos` (`id`, `nombre`, `slug`, `descripcion`, `cupos`, `created_at`, `updated_at`) VALUES
(1, 'Camion', 'camion', 'vehiculos de carga mediana', 20, '2025-09-28 02:33:25', '2025-09-28 02:33:25'),
(2, 'Moto', 'moto', 'vehiculo 2 personas', 10, '2025-09-28 02:33:55', '2025-09-28 02:33:55');

-- --------------------------------------------------------

--
-- Estructura de tabla para la tabla `trasteos`
--

CREATE TABLE `trasteos` (
  `id` bigint(20) UNSIGNED NOT NULL,
  `usuario_id` bigint(20) UNSIGNED NOT NULL,
  `mes` varchar(255) COLLATE utf8mb4_unicode_ci NOT NULL,
  `fecha` date NOT NULL,
  `hora` time NOT NULL,
  `estado` varchar(255) COLLATE utf8mb4_unicode_ci NOT NULL,
  `descripcion` longtext COLLATE utf8mb4_unicode_ci NOT NULL,
  `descripcion_respuesta` longtext COLLATE utf8mb4_unicode_ci,
  `administrador_id` bigint(20) UNSIGNED DEFAULT NULL,
  `created_at` timestamp NULL DEFAULT NULL,
  `updated_at` timestamp NULL DEFAULT NULL
) ENGINE=InnoDB DEFAULT CHARSET=utf8mb4 COLLATE=utf8mb4_unicode_ci;

--
-- Volcado de datos para la tabla `trasteos`
--

INSERT INTO `trasteos` (`id`, `usuario_id`, `mes`, `fecha`, `hora`, `estado`, `descripcion`, `descripcion_respuesta`, `administrador_id`, `created_at`, `updated_at`) VALUES
(1, 1, 'Febrero', '2025-09-15', '19:16:00', 'Pendiente', 'test trasteo', NULL, NULL, '2025-09-16 05:14:32', '2025-09-16 05:14:32'),
(2, 2, 'Enero', '2025-10-18', '21:08:00', 'Pendiente', 'ewrtyuyjghfdserwty', NULL, 1, '2025-10-17 05:08:20', '2025-10-17 05:13:17'),
(3, 3, 'Enero', '2025-10-17', '21:15:00', 'Pendiente', 'qwewteyrutjhgrwte5y4u67', NULL, NULL, '2025-10-17 00:16:52', '2025-10-17 00:16:52'),
(4, 1, 'Enero', '2025-10-23', '20:40:00', 'Pendiente', 'saesgrdhfjhgndsefagrhtdfj', NULL, NULL, '2025-10-17 01:38:55', '2025-10-17 01:38:55');

-- --------------------------------------------------------

--
-- Estructura de tabla para la tabla `users`
--

CREATE TABLE `users` (
  `id` bigint(20) UNSIGNED NOT NULL,
  `name` varchar(255) COLLATE utf8mb4_unicode_ci NOT NULL,
  `email` varchar(255) COLLATE utf8mb4_unicode_ci NOT NULL,
  `email_verified_at` timestamp NULL DEFAULT NULL,
  `login_web` varchar(255) COLLATE utf8mb4_unicode_ci NOT NULL DEFAULT '0',
  `login_mobile` varchar(255) COLLATE utf8mb4_unicode_ci NOT NULL DEFAULT '1',
  `password` varchar(255) COLLATE utf8mb4_unicode_ci NOT NULL,
  `remember_token` varchar(100) COLLATE utf8mb4_unicode_ci DEFAULT NULL,
  `created_at` timestamp NULL DEFAULT NULL,
  `updated_at` timestamp NULL DEFAULT NULL
) ENGINE=InnoDB DEFAULT CHARSET=utf8mb4 COLLATE=utf8mb4_unicode_ci;

--
-- Volcado de datos para la tabla `users`
--

INSERT INTO `users` (`id`, `name`, `email`, `email_verified_at`, `login_web`, `login_mobile`, `password`, `remember_token`, `created_at`, `updated_at`) VALUES
(1, 'CitoApps', 'mi.conjunto.digitall@gmail.com', '2024-12-20 01:01:20', '1', '1', '$2y$12$SiaHJxDizKOpP8650xirrODm4gaO5TfM3o2SgpGbArmfe1xSc1592', '', '2024-12-20 01:01:20', '2025-12-30 21:39:53'),
(2, 'Pepito', 'mi.conjunto.digitall2@gmail.com', '2024-12-20 01:01:20', '1', '0', '$2y$12$cs8F7dqH2MSlbHENrqCq5eNiu7qTRU7E.uEDUDg4Vb6OX/qg1cL0O', '', '2024-12-20 01:01:20', '2025-12-28 23:21:34'),
(3, 'Pepita', 'mi.conjunto.digitall3@gmail.com', '2024-12-20 01:01:20', '1', '0', '$2y$12$SiaHJxDizKOpP8650xirrODm4gaO5TfM3o2SgpGbArmfe1xSc1592', '', '2024-12-20 01:01:20', '2024-12-20 01:01:20'),
(4, 'Consuelo Montoya de Vergara', 'conee54@hotmail.com', NULL, '1', '1', '$2y$12$hhoZd0ysxr2CJW8l3HWDLeEEnq4xVUxaUyG3TZkAvEvEOsT8f3WZG', NULL, '2025-11-18 03:12:18', '2025-12-30 21:40:33'),
(5, 'Jimmy Helbert Ramirez', 'suafagua@gmail.com', NULL, '0', '1', '$2y$12$WlS0/bM7o9QSG3zITtY0..rm4UgaZDsD9EdzuObFzCGvijsmnMnKa', NULL, '2025-11-18 03:12:18', '2025-11-18 03:12:18'),
(6, 'Rafael Lopez Ferrer', 'rafaellopez28@gmail.com', NULL, '0', '1', '$2y$12$u7E7m.sOIcSY/0io3T1uB.pDtDvdbD4lqDwMiygZ1O26uTsdr8jCK', NULL, '2025-11-18 03:12:18', '2025-11-18 03:12:18'),
(7, 'Ana Paoloa Hoyos', 'anitabgta@gmail.com', NULL, '0', '1', '$2y$12$nHToNl1huPGiBUaW6lOwF.IpXi8MSlPmLcD7OmSp16VSFY0IJX2w6', NULL, '2025-11-18 03:12:19', '2025-11-18 03:12:19'),
(8, 'Alvaro Costo Predraza', 'alvaro.costo@yahoo.com', NULL, '0', '1', '$2y$12$nvLO39CeXx0bOXAvFENI/uA8YavsstwMlmZMSNLvmQ2F6EIckpX2a', NULL, '2025-11-18 03:12:19', '2025-11-18 03:12:19'),
(9, 'Angela Milena Costo Garcia', 'angelamilenac@hotmail.com', NULL, '0', '1', '$2y$12$uFaGl0Ww3NB.w1AxEZNM8e5CZvg48MiYiLvkAtdp1ItfC3BmJbIwu', NULL, '2025-11-18 03:12:19', '2025-11-18 03:12:19'),
(10, 'Juan Jose Mestizo Hurtado', 'juan.mestizo.hurtado@gmail.com', NULL, '0', '1', '$2y$12$b4DSmAZu1e.FRfDvPaDx/OEKpK7NvW/FBisOuWdHIN6AoMTuK3yBO', NULL, '2025-11-18 03:12:20', '2025-11-18 03:12:20'),
(11, 'Carolina Torres Cardenas', 'carolinatorresc@hotmail.com', NULL, '0', '1', '$2y$12$gVN1fxxrjuU9nNU6GYjXy.RSzKiShKV74Z5fKl43GQTpoYs3rJSOu', NULL, '2025-11-18 03:12:20', '2025-11-18 03:12:20'),
(12, 'Diana Torres ', 'dianitatorres86@gmail.com', NULL, '0', '1', '$2y$12$yySKh4jYcsMv3MZAU5/wTOGm93euZISFmzBYDW0N9qWvCCH8BTViW', NULL, '2025-11-18 03:12:20', '2025-11-18 03:12:20'),
(13, 'Oscar Leonardo Chisco Fernandez', 'oscarch91@hotmail.com', NULL, '0', '1', '$2y$12$/RV1a/tPljL97NmgDPci/umz94mds19C41jjwEfshmMG1GT7VsVIi', NULL, '2025-11-18 03:12:20', '2025-11-18 03:12:20'),
(14, 'Laura Alejandra Ocampo Rojas', 'alejandraocampo.14@hotmail.com', NULL, '0', '1', '$2y$12$Lv8GXTYuN.WdXsvHWWwUguV425QZzVGVIAo2lAcaYRKmnhGOtz0gS', NULL, '2025-11-18 03:12:21', '2025-11-18 03:12:21'),
(15, 'Nohora Celia Perdomo Gutierrez', 'nohoraperdomo@yahoo.com', NULL, '0', '1', '$2y$12$e4r.wIL0z69ePrvB6I4TS.tczvBmbLxF12MwPmFpR86L7Z409dVHu', NULL, '2025-11-18 03:12:21', '2025-11-18 03:12:21'),
(16, 'Olga Lucia Paez', 'lupaz1308@gmail.com', NULL, '0', '1', '$2y$12$bp6c/UrzUb0S1/.BKjSSyOdXJdYuw7LNR4XiQMywg1AwepTn06ovO', NULL, '2025-11-18 03:12:21', '2025-11-18 03:12:21'),
(17, 'Gladys Tereza Linares Díaz', 'gladys_linares@hotmail.com', NULL, '0', '1', '$2y$12$lqwA8VbvGavPGcWdpKwaI.69fiaeJpW398N2aJULeEVdqKt5Rjf6K', NULL, '2025-11-18 03:12:22', '2025-11-18 03:12:22'),
(18, 'Daniel Eduardo Ardila ', 'dabogadoardila@gmail.com', NULL, '0', '1', '$2y$12$HkapA42A./XdQB.kzcdt3uTPdWS4fQtcFp4gquKK6BZlxWs0WNOnS', NULL, '2025-11-18 03:12:22', '2025-11-18 03:12:22'),
(19, 'Jennifer Galeano Aguilar', 'galeanojennifer@gmail.com', NULL, '0', '1', '$2y$12$QBlxMoswgJMyBspaJcDk8u5hG5NlvAXhsY0gpP/.uxOiwaT/hPQVe', NULL, '2025-11-18 03:12:22', '2025-11-18 03:12:22'),
(20, 'Diego Alejandro Espejo Villalba', 'despejov@gmail.com', NULL, '0', '1', '$2y$12$QZ6UBlMgR6jEIfGV2DUivObcu9rA4KMRfxm8XVJKdIzSuVGqjVvQa', NULL, '2025-11-18 03:12:22', '2025-11-18 03:12:22'),
(21, 'Victor Pira Ramirez', 'victoripira@hotmail.com', NULL, '0', '1', '$2y$12$GdBp34uYXxa28FeLj1l6dO.20B.iLYRFwqxY/EqtnnaoKasTndPgu', NULL, '2025-11-18 03:12:23', '2025-11-18 03:12:23'),
(22, 'Juan Carlos Martinez Romero', 'jcmartinezro@gmail.com', NULL, '0', '1', '$2y$12$gvxd12EO8IlXYd/ww.bBouIn2TYnqxZOEvYI.p65czTRoJmUxvQci', NULL, '2025-11-18 03:12:23', '2025-11-18 03:12:23'),
(23, 'Maria Alejandra Salas', 'mariaale.96@hotmail.com', NULL, '0', '1', '$2y$12$UoU1HYCPiqsosm7y5vOFl.v9SCG3EPTCE.PyGkFIg7hE6VtpTuCe6', NULL, '2025-11-18 03:12:23', '2025-11-18 03:12:23'),
(24, 'Ingrid Johanna Santana R.', 'ingrid_santana_r@hotmail.com', NULL, '0', '1', '$2y$12$4HSI3morhsbFZE.weJST6eYsviY3GLkdnnzCVQCkL.rEIcXLpI74C', NULL, '2025-11-18 03:12:24', '2025-11-18 03:12:24'),
(25, 'Pablo Andres Rueda', 'pabloarc8@hotmail.com', NULL, '0', '1', '$2y$12$N0ktGg8aKXAA61BCohnEz.eOAoPggPeDmWEz9zCTvgSRbRV8fRE22', NULL, '2025-11-18 03:12:24', '2025-11-18 03:12:24'),
(26, 'Dayan Milena Soto Palomino', 'mileday@hotmail.com', NULL, '0', '1', '$2y$12$aooH0gM73Ho5wmr6yvnWGOOzluPY6lyy.gVniXLQSEhZ3KRgqu1iW', NULL, '2025-11-18 03:12:24', '2025-11-18 03:12:24'),
(27, 'Hernan Roberto Garzon', 'herogarza60@gmail.com', NULL, '0', '1', '$2y$12$5wgVkTlKMsrU16jKCGqdDuaBg0y2SZpAQpAFi7GVV8zKDGDuwn8OG', NULL, '2025-11-18 03:12:24', '2025-11-18 03:12:24'),
(28, 'Rafael Alejandro Gonzalez Caycedo', 'raalegc2012@gmail.com', NULL, '0', '1', '$2y$12$Cqm5GZ0uOTVUaPp7jvtg.ODW0jTRbBMvGwgs/zTBoJ//datGeFZ1m', NULL, '2025-11-18 03:12:25', '2025-11-18 03:12:25'),
(29, 'Maria Nancy Galvis', 'marianancygg@gmail.com', NULL, '0', '1', '$2y$12$yozhTy8Pt.43ldHjy8JRneaEh4OwxjbycMi4yAMxIOiug13JPh47S', NULL, '2025-11-18 03:12:25', '2025-11-18 03:12:25'),
(30, 'Aura Ruth Calderón Rodríguez', 'auraruth67@yahoo.es', NULL, '0', '1', '$2y$12$f4TLAy5tDKI4dYQFs7bhgOYfhF0oTg43ZuNuh01.oEw7EQy9EBqpK', NULL, '2025-11-18 03:12:25', '2025-11-18 03:12:25'),
(31, 'Ingrid Katherine Neira Yepez', 'masneye@hotmail.com', NULL, '0', '1', '$2y$12$K.ao/sbtS1c8XHWVGs8yZODU4.hJBKOUGJhHWEN19XldhPvQlNZLm', NULL, '2025-11-18 03:12:26', '2025-11-18 03:12:26'),
(32, 'Julio Alfonso Peñuela Saldaña', 'jpenuela298@gmail.com', NULL, '0', '1', '$2y$12$r6RHGlwFpMfeFTC9BREtTOySAWBzGEkFfB2priWYUXSXAXY6kN4uS', NULL, '2025-11-18 03:12:26', '2025-11-18 03:12:26'),
(33, 'Humberto Enrique Lozano', 'humberlf84@hotmail.com', NULL, '0', '1', '$2y$12$aQdRi.tw5C8Tggq5V2adA.KexDX9rtxreP7Fxnwodu0F7cRY/6NuO', NULL, '2025-11-18 03:12:26', '2025-11-18 03:12:26'),
(34, 'Gilberto Moreno Figueroa', 'morenod36@gmail.com', NULL, '0', '1', '$2y$12$O92merd/yfg8BR66e3QiEuE8bUgDs8lL48/nbbCdwOBWo0TCe0mFa', NULL, '2025-11-18 03:12:27', '2025-11-18 03:12:27'),
(35, 'Martha Estrella Carvajal', 'marthaestrella177@gmail.com', NULL, '0', '1', '$2y$12$9f0xEvUKKtF257Ch.vKGaeqVw2p/REyJXA1iHDm0wbpFFSSA1FlC.', NULL, '2025-11-18 03:12:27', '2025-11-18 03:12:27'),
(36, 'Carolina Rincon', 'carito_r_m@hotmail.com', NULL, '0', '1', '$2y$12$rlpRBE41dTl7zR8Jsa6EdOQ.J6bAbRtH9CQLvYSop0.dVxtu0nvtO', NULL, '2025-11-18 03:12:28', '2025-11-18 03:12:28'),
(37, 'John Jairo Amado', 'jjamadop@outlook.com', NULL, '0', '1', '$2y$12$TxkTYuu4t6PowQkwdtewAerKhItGVPVUppyGJKSUm2ENgRCztUt5u', NULL, '2025-11-18 03:12:28', '2025-11-18 03:12:28'),
(38, 'Jhon Mario Leguizamon Beltrán', 'j83leguizamon@hotmail.com', NULL, '0', '1', '$2y$12$kzY46QHg0Sh/Yk0qClp1UugnixvZRY7CL7p6rNnE/3JB3Yn8GSwV2', NULL, '2025-11-18 03:12:28', '2025-11-18 03:12:28'),
(39, 'Michael Steven Garcia Padilla', 'michael.garcia@eci.edu.co', NULL, '0', '1', '$2y$12$GUnii5Unms56YPzr8zIfBul18e3CyE0KYR.MsCoYtSH2nh5ik1BGi', NULL, '2025-11-18 03:12:29', '2025-11-18 03:12:29'),
(40, 'Martha Garcia de Ceron', 'martagarciamo@gmail.com', NULL, '0', '1', '$2y$12$mPi0ThYjRo09r0HBT/kf2O2mNcmKuMNGlpyB.3NtoOYX4UKaIRXiO', NULL, '2025-11-18 03:12:29', '2025-11-18 03:12:29'),
(41, 'Jorge Enrique Ceron', 'jorgecg@hotmail.com', NULL, '0', '1', '$2y$12$HN0l9wwlwJKDLm9C2AUqAeipNdKAlUYIyfs1q4RgIXXx5KX11ObUy', NULL, '2025-11-18 03:12:29', '2025-11-18 03:12:29'),
(42, 'Ivan Alberto Vargas Hernandez', 'vargash.ivan@gmail.com', NULL, '0', '1', '$2y$12$cGET0zu7ld9TMNZ4hd3eJOSZAG7XHeYATkq2oJMIdk5U7E1o/uCge', NULL, '2025-11-18 03:12:30', '2025-11-18 03:12:30'),
(43, 'Romano Vargas Vallecilla', 'romanovargas@yahoo.com', NULL, '0', '1', '$2y$12$xoheO7Mwh8BM3SCuJKTt4uxbMrA1KkyJf0qJnhpmGBPKSBUh/801.', NULL, '2025-11-18 03:12:31', '2025-11-18 03:12:31'),
(44, 'Hilda Hernandez P.', 'hildah50@hotmail.com', NULL, '0', '1', '$2y$12$0DWDVDERm0QRlZ7BWlIOz.BJuPauzJpgLTSUbViH9e6XtXK5EXpSC', NULL, '2025-11-18 03:12:32', '2025-11-18 03:12:32'),
(45, 'Reyes Silva Alvarez', 'reyessilva7@hotmail.com', NULL, '0', '1', '$2y$12$FQNqxT27PQycPv506rO4J.ea073gCBb3Y0euTipLmouyRoZ3slur2', NULL, '2025-11-18 03:12:32', '2025-11-18 03:12:32'),
(46, 'Edgar Raul Serrano Fuentes', 'raulser40@hotmail.com', NULL, '0', '1', '$2y$12$sbjvDt4C5sDa2msRzCrg.e46OWz73WomvIYYtPS8rXTnW/mX3z1bS', NULL, '2025-11-18 03:12:32', '2025-11-18 03:12:32'),
(47, 'Ligia Isabel Camacho Perez', 'isapiciscamacho@gmail.com', NULL, '0', '1', '$2y$12$8L43B6UTPKItLHBRIpufluM85MqlOLy9CGRZgettHCrHmCTpYmHKu', NULL, '2025-11-18 03:12:33', '2025-11-18 03:12:33'),
(48, 'Anamaria Fonseca', 'anamariafonse22@gmail.com', NULL, '0', '1', '$2y$12$rnsPhjsnoWRd6KjolZPkAOREt0bKlZtCff6rYIRZwNTMbJ70UZN.y', NULL, '2025-11-18 03:12:33', '2025-11-18 03:12:33'),
(49, 'Fanny Rodriguez Martinez', 'fannyroma01@hotmail.com', NULL, '0', '1', '$2y$12$8MyHfy5JcZTci0qweGs9OehUQxB.NOvqQuSCSi8OaBxaHcgeZ3An.', NULL, '2025-11-18 03:12:33', '2025-11-18 03:12:33'),
(50, 'Javier David Fuertes Cardenas', 'davidfcardenas8@gmail.com', NULL, '0', '1', '$2y$12$RrydCjDieAz5fKSuw9BMHeclXW4WhydDc1oEyvlk/KAqckkweaA4C', NULL, '2025-11-18 03:12:33', '2025-11-18 03:12:33'),
(51, 'Vicky Johanna Medina Vargas', 'jana88.m@hotmail.com', NULL, '0', '1', '$2y$12$zt6yMZ3ldloHf0UvrX2zJu7WXolwtWFn7l1h9XOLNGaNaWeyu.E96', NULL, '2025-11-18 03:12:34', '2025-11-18 03:12:34'),
(52, 'Myriam Patricia Gonzalez', 'myriamp.gonzalez@gmail.com', NULL, '0', '1', '$2y$12$ov9uRgE3aOQUr2FsfvlUKuo1WYDUfzlvw0NhZ8WTDjChAvMDegNxm', NULL, '2025-11-18 03:12:34', '2025-11-18 03:12:34'),
(53, 'Marina Florian Avendaño', 'mariflorian09@hotmail.com', NULL, '0', '1', '$2y$12$HaaPqgZzjYyREl4TK2DWO.V/rjiK0zSgvEVK4tSO2p6UQ2g8ebrJW', NULL, '2025-11-18 03:12:34', '2025-11-18 03:12:34'),
(54, 'Luz Marina Noguera Doncel', 'luzmanodo@gmail.com', NULL, '0', '1', '$2y$12$6PcLkVishoYSVhu9xREENurjWWw1mH/VeQXrMLrXeOIbjZ6AIchVK', NULL, '2025-11-18 03:12:35', '2025-11-18 03:12:35'),
(55, 'Teresa Noguera Perez', 'pilinog@hotmail.com', NULL, '0', '1', '$2y$12$S1KpFxmOlxwKfoAgd3q2fOIVxjOzhd4pt1hz3bS6mecgNk1oUuiG.', NULL, '2025-11-18 03:12:35', '2025-11-18 03:12:35'),
(56, 'Diego Rivera Fuquene', 'jorgeriveracamello@gmail.com', NULL, '0', '1', '$2y$12$DpuuyeHpgoHUsLdPD4mf8.xQd2PclnKtT18ekG6ogSQqeQiuNdUNa', NULL, '2025-11-18 03:12:35', '2025-11-18 03:12:35'),
(58, 'Nury Soto de Duran', 'duranoff@hotmail.com', NULL, '0', '1', '$2y$12$Wya665MBMzHQjG7tEuf8eOuoKxfYW.xh7TJPgJAV7Ai.zyWASl1iu', NULL, '2025-11-18 03:12:36', '2025-11-18 03:12:36'),
(59, 'Yessica Paola Sierra', 'yesisi1269@gmail.com', NULL, '0', '1', '$2y$12$PEXzVJQLFMERPyGcGnAzmuxhXgte6uLoBklulQj0ITTZS0OyEB7Gy', NULL, '2025-11-18 03:12:36', '2025-11-18 03:12:36'),
(60, 'David Orlando Lozano Rodriguez', 'davidlozano35@yahoo.com', NULL, '0', '1', '$2y$12$kPtmUsxpYUdInn3mqK2cu.6jligmG756heO/GVVWVRDjiFvvHhl2S', NULL, '2025-11-18 03:12:37', '2025-11-18 03:12:37'),
(61, 'Ricardo Ivan Mora Ruiz', 'agcespigas03@hotmail.com', NULL, '0', '1', '$2y$12$g5YYUpgpB0gLEuyhtbFqZ.cFGDrvM5lXrhmoEuYHPPv/D76a8i74m', NULL, '2025-11-18 03:12:38', '2025-11-18 03:12:38'),
(62, 'Javier Salinas ', 'donjavisapi@hotmail.com', NULL, '0', '1', '$2y$12$Ao0jnoLKW.GXQwWgV1Q0X.Si5tr9oKGJQGunA23xpvA0kpKhDS3Y6', NULL, '2025-11-18 03:12:38', '2025-11-18 03:12:38'),
(63, 'Angela Salazar', 'angiezaza@hotmail.com', NULL, '0', '1', '$2y$12$4FZKElq5uo479mXTbn3OHeK9GDYayzHFhjcwJBZyvWtgV3evAwiau', NULL, '2025-11-18 03:12:39', '2025-11-18 03:12:39'),
(64, 'Luz Mireya Salinas', 'mireyasalinasp@hotmail.com', NULL, '0', '1', '$2y$12$I0WIHEWYx9XP5einAH79S.y1rJlw3dnEnI.fzB8dPhk./BVdzlWCG', NULL, '2025-11-18 03:12:39', '2025-11-18 03:12:39'),
(65, 'Roberto Castillo Cueto', 'robertocastillo64@hotmail.com', NULL, '0', '1', '$2y$12$b3.eplPUmCh7cfhjnta8Tu3j8puLtULtmI4scxAEbHLT6Z/dq5Idu', NULL, '2025-11-18 03:12:40', '2025-11-18 03:12:40'),
(66, 'Hernan Enrique Romero', 'heroma@gmail.com', NULL, '0', '1', '$2y$12$pe1B8Nza6jhmPK58Gp6.AeHgrS5G3or2d4zsDIgdUbJkDJt6XNSOq', NULL, '2025-11-18 03:12:41', '2025-11-18 03:12:41'),
(67, 'Gloria Patricia Gil Arbelaez', 'glogi70@hotmail.com', NULL, '0', '1', '$2y$12$eQpOXFHizJG4sVRWhjOKKONne7pEhaQlM8dhkFaLqVIL4m6rReVNC', NULL, '2025-11-18 03:12:42', '2025-11-18 03:12:42'),
(68, 'Carlos Eduardo Cardona', 'violetaazul@gmail.com', NULL, '0', '1', '$2y$12$hnPadCAX1Hy1zhJN500K2uT2I1c3gYlpE6jL9V89b4fGnwKGfwFne', NULL, '2025-11-18 03:12:42', '2025-11-18 03:12:42'),
(69, 'Maria Alcira Pinto Avella', 'alcira60@yahoo.com', NULL, '0', '1', '$2y$12$cjB6KRB5folOeEgJT72N5OqKzDwi05ECND5u039f3Z4eRYJgziKCq', NULL, '2025-11-18 03:12:43', '2025-11-18 03:12:43'),
(70, 'Nancy Avendaño Castro', 'nancyavendano6041@hotmail.com', NULL, '0', '1', '$2y$12$JQ1C4PPcZuvxZewgDX2fLeA9c8psq3eCMVCQN6DSKHUxFhZwg2Q.C', NULL, '2025-11-18 03:12:44', '2025-11-18 03:12:44'),
(71, 'Johana Gutierrez', 'johanita20@hotmail.com', NULL, '0', '1', '$2y$12$ZE2aZFP.KWXdQXAlSkMMxu9Qptj1wnKRiros2nnRFta4OfaKaRYxe', NULL, '2025-11-18 03:12:44', '2025-11-18 03:12:44'),
(72, 'Javier Rodrigo Guerrero Fernandez', 'javiguerrerof@gmail.com', NULL, '0', '1', '$2y$12$RlXMoAoLWcOQYQgSntVbG.CrqsOKxW8MybcJSmnQvcT0HtBw7oLFi', NULL, '2025-11-18 03:12:45', '2025-11-18 03:12:45'),
(73, 'Luis Antonio Heredia Rodriguez', 'luisantonioheredia@gmail.com', NULL, '0', '1', '$2y$12$fjabkFNRURQafAw6gWXse.VClJ1.y3JOHCiEjZwYF0eXD.2ZHY7xe', NULL, '2025-11-18 03:12:47', '2025-11-18 03:12:47'),
(74, 'Aura Nely Peña Castellanos', 'aurapc64@gmail.com', NULL, '0', '1', '$2y$12$EH7eUKiMVNP5BSgNmQLU1uojgaH.I5k55AHGAvTyekjIc4wCXweFy', NULL, '2025-11-18 03:12:48', '2025-11-18 03:12:48'),
(75, 'Myriam Amparo Mosos Santofimio', 'guillermo.mosos@hotmail.com', NULL, '0', '1', '$2y$12$7xxOjPKr26mPWHsoUapEIew23vt9sG0g4JELYjsNwOJ1wRds/zQNW', NULL, '2025-11-18 03:12:48', '2025-11-18 03:12:48'),
(76, 'Maria Kamila Lozano', 'camilalozanoh30@gmail.com', NULL, '0', '1', '$2y$12$Y4GSJZGXZ6TYwv4vDgUSS.tZewoOFxX.V4GjASJSpOKlvTG69HXRG', NULL, '2025-11-18 03:12:49', '2025-11-18 03:12:49'),
(77, 'Stella Cárdenas Frías', 'nikitahusky1@gmail.com', NULL, '0', '1', '$2y$12$iBtbg0BHrXStsCPhBdZusOuG1kzwIgB0J2aay5CFzrs7oqNpO2q7K', NULL, '2025-11-18 03:12:49', '2025-11-18 03:12:49'),
(78, 'Santiago Munevar Morales', 'santiago.munevar@gmail.com', NULL, '0', '1', '$2y$12$7JAU0VlAJbb3lAFsP8kAjuQgyi1GQ2b/oO0RMgcBRR7RaF678/2C2', NULL, '2025-11-18 03:12:50', '2025-11-18 03:12:50'),
(79, 'Jorge Armando Ramirez', 'arj_0027@hotmail.com', NULL, '0', '1', '$2y$12$4/3AynpIH1nBVq9.rC9qqe5jPeUAGNWfQd3q6a7cCzAee5Rp4aN/C', NULL, '2025-11-18 03:12:50', '2025-11-18 03:12:50'),
(80, 'Maria Fernanda Anaya', 'mafe8307@gmail.com', NULL, '0', '1', '$2y$12$K3f0GiVc0zC5L4dOULDd6.uhc8FQSE59WqTCO1wqdk41UJAhJ8p4u', NULL, '2025-11-18 03:12:50', '2025-11-18 03:12:50'),
(81, 'Carlina Teresa Jimenez de Tarazona', 'tereandcarlos@hotmail.com', NULL, '0', '1', '$2y$12$UR0FtPK5y1M13gOmr6FELeaMlIhc7brx3Ndw94esfj1FeIzGfA6YS', NULL, '2025-11-18 03:12:52', '2025-11-18 03:12:52'),
(82, 'Manuel Joahn Mejia Caro', 'mjmc0883@gmail.com', NULL, '0', '1', '$2y$12$jIr0OyKJvBz2Sw7eZqCS7.v38Io2cYeIt3zweaxIadJwWFyNhkMe.', NULL, '2025-11-18 03:12:52', '2025-11-18 03:12:52'),
(83, 'Dora Orozco', 'doorco1@hotmail.com', NULL, '0', '1', '$2y$12$XDy4YLZpanpYvl7Ewd5Wy.drA4bT6Lopq1rRHFcQdCxGzvJtsxmtC', NULL, '2025-11-18 03:12:53', '2025-11-18 03:12:53'),
(84, 'Angelica Bibiana Ortiz', 'myruma1@hotmail.com', NULL, '0', '1', '$2y$12$AaTHuWnIqqF5jPdUPY3dqeC3MqOOEDxwBN4IyR.8W9CTVEvJwZw1u', NULL, '2025-11-18 03:12:54', '2025-11-18 03:12:54'),
(85, 'Olga Lucia Trujillo ', 'olgasa4@hotmail.com', NULL, '0', '1', '$2y$12$n.rvZInvF.gxB3Pm7epucelof0Rpg5p8mXFp4zT/oqsRMTMjBuN9y', NULL, '2025-11-18 03:12:54', '2025-11-18 03:12:54'),
(86, 'William Emiro Avila Corchuelo', 'william.avila@gmail.com', NULL, '0', '1', '$2y$12$skQDShJNQPlQSJi7Wy6vDudfaf/lGZu0qtARhKuDb2Y5ySsBxEeiW', NULL, '2025-11-18 03:12:55', '2025-11-18 03:12:55'),
(87, 'Luz Bibiana Quimbay', 'luzbibianaguimbay@gmail.com', NULL, '0', '1', '$2y$12$zfcxE82uFjH9xfQsTQifSeD9Of/eZc40kmh3r3ZHxbZg4B.v2NEJi', NULL, '2025-11-18 03:12:55', '2025-11-18 03:12:55'),
(88, 'Carlos Eduardo Prada Rey', 'cpradarey188@hotmail.com', NULL, '0', '1', '$2y$12$YQtT53DgDp7aJ0zxvhiCeONvqXrW32OcyMFfswpd/bI.0N9LYG/2.', NULL, '2025-11-18 03:12:56', '2025-11-18 03:12:56'),
(89, 'Patricia Ospina', 'patty9420@yahoo.es', NULL, '0', '1', '$2y$12$ssABOR2aKRWZqvpkGXz5keKbMdxFCISryAg8pixfu5ymCrvsuglAu', NULL, '2025-11-18 03:12:56', '2025-11-18 03:12:56'),
(90, 'Blanca Coronado', 'blancaelenacoronado24@gmail.com', NULL, '0', '1', '$2y$12$P9c9c02Y6hcidO6mgUEt8.rlcW8lYAqAIz2NhYqFuqVn/2hnYvU9O', NULL, '2025-11-18 03:12:57', '2025-11-18 03:12:57'),
(91, 'Julian Andres Perdomo', 'jperdomoinversiones@gmail.com', NULL, '0', '1', '$2y$12$V0PR3/JYe7TkRxz3JlbrNuNtxlI28xU6BKPqr43c1h8.KVGDB4YFq', NULL, '2025-11-18 03:12:57', '2025-11-18 03:12:57'),
(92, 'Susana Lopez Torres', 'sloptorres@hotmail.com', NULL, '0', '1', '$2y$12$TxPB77k.WbYpLgWqt8YdD.w/KSQbeBIkMWNMIQhzPYVTw19HO96pW', NULL, '2025-11-18 03:12:58', '2025-11-18 03:12:58'),
(93, 'Luz Gladys Lopez Torres', 'luzglalopez@hotmail.com', NULL, '0', '1', '$2y$12$3jmHohJvMUUUe9XwShapN..Plx9HXtj8PxJ1ZouDLxdH8jPf7pFKO', NULL, '2025-11-18 03:12:58', '2025-11-18 03:12:58'),
(94, 'Floralba Ramos Ortiz', 'alba.ramos.col@gmail.com', NULL, '0', '1', '$2y$12$f31UQd8bpEslPUmE.1rxbuESY5CMA4BMKuZBw2wtGPYnYF/VX/3bG', NULL, '2025-11-18 03:12:59', '2025-11-18 03:12:59'),
(95, 'Jairo Orjuela Cardona', 'orjuelacardonajairo@gmail.com', NULL, '0', '1', '$2y$12$zUvXVavAPjoYEbp20Gos0.E7.4z1RsSq50r5RN0Fcl98x8nh51CVe', NULL, '2025-11-18 03:12:59', '2025-11-18 03:12:59'),
(96, 'Diana Patricia Acosta Barrera', 'ingacosta@hotmail.es', NULL, '0', '1', '$2y$12$nBqhhOV6grcPKw.0tLVYEOk3jQSdi6tcbEbYyK2At3d9BlWHxOTTi', NULL, '2025-11-18 03:13:00', '2025-11-18 03:13:00'),
(98, 'Diego Fernando Pardo Hernandez', 'dpardo96@hotmail.com', NULL, '0', '1', '$2y$12$2S7xdxkkCmqTVYFoAGBkb.HdLL50cCVz.yKpWhKJubBWaxmTrqtmm', NULL, '2025-11-18 03:13:00', '2025-11-18 03:13:00'),
(99, 'Jose Ariel Sepulveda M.', 'jsepulvedamartinez@yahoo.com', NULL, '0', '1', '$2y$12$T/dOlwW4882yg7MBuinS9uKza99a.ml8sJp0nmBGPuw1jAmQYxccO', NULL, '2025-11-18 03:13:01', '2025-11-18 03:13:01'),
(100, 'Laidy Paola Sepulveda', 'pao092002@hotmail.com', NULL, '0', '1', '$2y$12$zfzcb62JVKdVl.8okQci1.r9E6UpRaJFUUkGRZc1tAcAOwTzuUgmC', NULL, '2025-11-18 03:13:01', '2025-11-18 03:13:01'),
(101, 'Claudia Bohorquez Diaz', 'cbohorquezobregon@gmail.com', NULL, '0', '1', '$2y$12$ocDvXNmtAzu.lqCFqRPE7emmoa1MnIPKBr0tpwJKdOFVjZjcnR/Xq', NULL, '2025-11-18 03:13:01', '2025-11-18 03:13:01'),
(102, 'Amanda Fairfoot', 'amandafairfoot@icloud.com', NULL, '0', '1', '$2y$12$7FVK.5GygqgknSWp.K1FR.vfnnoA3SSQNH7YJJmTGDLWbJjKjnP3C', NULL, '2025-11-18 03:13:02', '2025-11-18 03:13:02'),
(103, 'Sandra Janeth Anzola Velandia', 'velasaja@hotmail.com', NULL, '0', '1', '$2y$12$RdZMWMXSuQbyl13XNeAdyuzY2bu6IW3yWj3LZ/kAbEI8F1ZQT6F4G', NULL, '2025-11-18 03:13:02', '2025-11-18 03:13:02'),
(104, 'Jessica Andrea Anzola Velandia', 'jessianzola@gmail.com', NULL, '0', '1', '$2y$12$.6EmomGrAtHaXNWfMEhEieJU1.f/GVlm/kieWZ3FzE99RsnGd0jny', NULL, '2025-11-18 03:13:03', '2025-11-18 03:13:03'),
(105, 'Raul Enrique Roman Gualeteros', 'kike197roman@gmail.com', NULL, '0', '1', '$2y$12$a2/lbRzOQQ6U5JIBbyjzreQ.D5.j2b.5VmqifTYTAZMyE.1xJ.67S', NULL, '2025-11-18 03:13:03', '2025-11-18 03:13:03'),
(106, 'Daniel Fernando Beltran', 'daniel.beltran@hotmail.com', NULL, '0', '1', '$2y$12$RHwjx1ohZoAW/9aEIN6K9udIx.s8PiuyI3lecg.4WqKveUKzzUA82', NULL, '2025-11-18 03:13:03', '2025-11-18 03:13:03'),
(107, 'Nelson Leonardo Rivera Lopez', 'leonardinhorivera@gmail.com', NULL, '0', '1', '$2y$12$Jdo4EONm.5yJXgMLuNcbTOBxlVFJOJ/wXskDR20RUGrl67xDWWdvm', NULL, '2025-11-18 03:13:04', '2025-11-18 03:13:04'),
(108, 'Laura Stefannia Parra Gomez', 'laustefy211@hotmail.com', NULL, '0', '1', '$2y$12$mrUutHzrSESd.NU1gheK5.lMnHWHK2DNLEJA25wl1Vvx9U6KaNSh2', NULL, '2025-11-18 03:13:04', '2025-11-18 03:13:04'),
(109, 'Olga Milena Suarez Castillo', 'milenasu28@hotmail.es', NULL, '0', '1', '$2y$12$wh2RdkZx7MgdgfpD.D8iVuxmWOY5mQrfFzC2s0t9kOznKpUxEtGgK', NULL, '2025-11-18 03:13:04', '2025-11-18 03:13:04'),
(110, 'Jesus Antonio Pardo Bernal', 'anpar849@gmail.com', NULL, '0', '1', '$2y$12$7MwyuSx6ycZCMwt8AnCKAO0KoOlYikriNjgfFr.ksNz3danjXRdyG', NULL, '2025-11-18 03:13:05', '2025-11-18 03:13:05'),
(111, 'Dihonny Paola Duarte', 'dihonny@hotmail.com', NULL, '0', '1', '$2y$12$7OzctNNN7fAAs8YFkgusVODkDLJ3y2EmeuZYOtMhvsUmm6YpL1Gke', NULL, '2025-11-18 03:13:05', '2025-11-18 03:13:05'),
(112, 'Gleidys Leal', 'gleidysleal1@hotmail.com', NULL, '0', '1', '$2y$12$J29zARmQcT6ibwlDnl/tUOv2O7QBtjGPgaTxqu7UvUv6vB9MsbATy', NULL, '2025-11-18 03:13:05', '2025-11-18 03:13:05'),
(113, 'Miguel Santiago Garcia', 'negociosgarcialeal@gmail.com', NULL, '0', '1', '$2y$12$SYg055j9ySsl.Z/iM4bYNOCG/OW6b8FR1FS9qoYe.MPUXflJzVIju', NULL, '2025-11-18 03:13:06', '2025-11-18 03:13:06'),
(114, 'Juan Carlos Puin Forero', 'juancpuin@hotmail.com', NULL, '0', '1', '$2y$12$7Gfugz6PED/DLQMdMTgra.W2Dd2u2SkbYpX.5FrqMXxHZoiRdDaye', NULL, '2025-11-18 03:13:06', '2025-11-18 03:13:06'),
(115, 'Ruth Camargo', 'ruthca25@yahoo.es', NULL, '0', '1', '$2y$12$BJTyjV20G.ia2pGkznNvReCNB57mkI9suuhOE4bcHV6CBhLewOZXm', NULL, '2025-11-18 03:13:06', '2025-11-18 03:13:06'),
(116, 'Carolina Andrea Galeano Barbosa', 'carogaleanobarbosa@gmail.com', NULL, '0', '1', '$2y$12$v0BNLyEoV046fXueAWAr7e0NJzL0pzkyt4rcy4o8VsiWEv2zU.Dji', NULL, '2025-11-18 03:13:07', '2025-11-18 03:13:07'),
(117, 'Christian Camilo Salamanca Hernandez', 'ccamilo.salamanca@gmail.com', NULL, '0', '1', '$2y$12$Ui.zSj5MgVuwR13V9t9Gb.ScUWz6rgjQW/bFEx/rJzEEV/gDKo9U.', NULL, '2025-11-18 03:13:07', '2025-11-18 03:13:07'),
(118, 'Catalina Maria Rosas Rodriguez', 'catalina.rosasr@gmail.com', NULL, '0', '1', '$2y$12$/DBI3CMAlj0GX3JMTuXNie/qYY9Is2EpN2p4a2CZN6RHj69Zj6yUy', NULL, '2025-11-18 03:13:07', '2025-11-18 03:13:07'),
(119, 'Alcira Casas de Velazquez', 'alcira.casas28@gmail.com', NULL, '0', '1', '$2y$12$6kLSL4vScQyjxyja7QOZ4eh.rsXXQh1OaXopRqr3LafjDqInfNBuO', NULL, '2025-11-18 03:13:08', '2025-11-18 03:13:08'),
(120, 'Moises Moralez', 'moisesmoralesceo@gmail.com', NULL, '0', '1', '$2y$12$WNKkYasJWkYQCYwbzAbeiug8JvV2yVQ.jInHwBVTnoFXfdIQD8Ovi', NULL, '2025-11-18 03:13:08', '2025-11-18 03:13:08'),
(121, 'Yeny Marcela Parra Basto', 'yenymarcela@hotmail.com', NULL, '0', '1', '$2y$12$C37mj22Fmn82RAUbfk8lX.NXN.0AnwxaPwZx3SwG4v8gexDTO4X52', NULL, '2025-11-18 03:13:08', '2025-11-18 03:13:08'),
(122, 'Consuelo Astrid Barrera D.', 'barreraconsuelo95@gmail.com', NULL, '0', '1', '$2y$12$0ZtbLsVqYvX7f03hmVHaZuQzrIOwWqMjL3jrWI.n3qdCt57N9ICwO', NULL, '2025-11-18 03:13:08', '2025-11-18 03:13:08'),
(123, 'Amanecer LJR SAS', 'ronaldsierramd@gmail.com', NULL, '0', '1', '$2y$12$KI4wi9F/lW8yhf7zv6n9BOUp6qsYIIhl5AflNFiNeLKPcGsPUnOM2', NULL, '2025-11-18 03:13:09', '2025-11-18 03:13:09'),
(124, 'Juan Carlos Mora Velandia', 'ing.giovanni.mora@gmail.com', NULL, '0', '1', '$2y$12$eGFQ7Dr66dNLlcf5T5xYSOKFBh0jixYqWC5Y497ClfAey84NG.PDu', NULL, '2025-11-18 03:13:09', '2025-11-18 03:13:09'),
(125, 'Giovanni Mora', 'giormora9@gmail.com', NULL, '0', '1', '$2y$12$wE77frFbqyp.J5pFi86aOurpXZL.qcbQR0qbFcgQ7HeRbGYsVTtF2', NULL, '2025-11-18 03:13:09', '2025-11-18 03:13:09'),
(126, 'Victoria Alexandra Pouchard Pelaez', 'app7520@yahoo.es', NULL, '0', '1', '$2y$12$yeCGr.AQBKBSfT7E1inQFOWHKPkzSwTIT2uGCXHXhwvnBlettIfxW', NULL, '2025-11-18 03:13:10', '2025-11-18 03:13:10'),
(127, 'Daniel Betancourt', 'dai.dani.beta@gmail.com', NULL, '0', '1', '$2y$12$sBgbRctCJA1jTPz4IP1XruiiTDp19BH90NyPaUYHOOVeNewIH81oi', NULL, '2025-11-18 03:13:10', '2025-11-18 03:13:10');

-- --------------------------------------------------------

--
-- Estructura de tabla para la tabla `vehicles`
--

CREATE TABLE `vehicles` (
  `id` bigint(20) UNSIGNED NOT NULL,
  `placa` varchar(255) COLLATE utf8mb4_unicode_ci NOT NULL,
  `marca` varchar(255) COLLATE utf8mb4_unicode_ci NOT NULL,
  `modelo` varchar(255) COLLATE utf8mb4_unicode_ci NOT NULL,
  `propietario` varchar(255) COLLATE utf8mb4_unicode_ci NOT NULL,
  `descripcion` text COLLATE utf8mb4_unicode_ci,
  `created_at` timestamp NULL DEFAULT NULL,
  `updated_at` timestamp NULL DEFAULT NULL
) ENGINE=InnoDB DEFAULT CHARSET=utf8mb4 COLLATE=utf8mb4_unicode_ci;

--
-- Volcado de datos para la tabla `vehicles`
--

INSERT INTO `vehicles` (`id`, `placa`, `marca`, `modelo`, `propietario`, `descripcion`, `created_at`, `updated_at`) VALUES
(1, 'BUP25F', 'Yamaha', '2021', 'mario', 'moto azul / gris', '2025-11-19 23:42:12', '2025-11-19 23:42:12');

-- --------------------------------------------------------

--
-- Estructura de tabla para la tabla `vehiculos`
--

CREATE TABLE `vehiculos` (
  `id` bigint(20) UNSIGNED NOT NULL,
  `placa` varchar(100) COLLATE utf8mb4_unicode_ci NOT NULL,
  `tipo_vehiculo` varchar(50) COLLATE utf8mb4_unicode_ci NOT NULL,
  `created_at` timestamp NULL DEFAULT NULL,
  `updated_at` timestamp NULL DEFAULT NULL
) ENGINE=InnoDB DEFAULT CHARSET=utf8mb4 COLLATE=utf8mb4_unicode_ci;

--
-- Volcado de datos para la tabla `vehiculos`
--

INSERT INTO `vehiculos` (`id`, `placa`, `tipo_vehiculo`, `created_at`, `updated_at`) VALUES
(1, 'BUP25G', 'Carro', '2025-10-01 07:13:36', '2025-10-01 07:15:35'),
(2, 'weqweq', 'Moto', '2025-10-02 06:47:05', '2025-10-02 06:47:05'),
(3, 'werwerwe', 'Moto', '2025-10-02 06:47:08', '2025-10-02 06:47:08'),
(4, '234234', 'Moto', '2025-10-02 06:47:11', '2025-10-02 06:47:11');

-- --------------------------------------------------------

--
-- Estructura de tabla para la tabla `visitantes`
--

CREATE TABLE `visitantes` (
  `id` bigint(20) UNSIGNED NOT NULL,
  `nombre` varchar(255) COLLATE utf8mb4_unicode_ci NOT NULL,
  `tipo_documento` varchar(255) COLLATE utf8mb4_unicode_ci NOT NULL,
  `documento` varchar(255) COLLATE utf8mb4_unicode_ci NOT NULL,
  `placa` varchar(255) COLLATE utf8mb4_unicode_ci DEFAULT NULL,
  `hora_ingreso` datetime NOT NULL,
  `hora_salida` datetime DEFAULT NULL,
  `residente_id` bigint(20) UNSIGNED NOT NULL,
  `created_at` timestamp NULL DEFAULT NULL,
  `updated_at` timestamp NULL DEFAULT NULL
) ENGINE=InnoDB DEFAULT CHARSET=utf8mb4 COLLATE=utf8mb4_unicode_ci;

-- --------------------------------------------------------

--
-- Estructura de tabla para la tabla `zonas_horarios`
--

CREATE TABLE `zonas_horarios` (
  `id` bigint(20) UNSIGNED NOT NULL,
  `zona_id` bigint(20) UNSIGNED NOT NULL,
  `tipo_dia` enum('Lunes','Martes','Miércoles','Jueves','Viernes','Sábado','Domingo','Festivo') COLLATE utf8mb4_unicode_ci NOT NULL,
  `hora_inicio` time NOT NULL,
  `hora_fin` time NOT NULL,
  `intervalo` int(11) NOT NULL DEFAULT '60',
  `created_at` timestamp NULL DEFAULT NULL,
  `updated_at` timestamp NULL DEFAULT NULL
) ENGINE=InnoDB DEFAULT CHARSET=utf8mb4 COLLATE=utf8mb4_unicode_ci;

--
-- Volcado de datos para la tabla `zonas_horarios`
--

INSERT INTO `zonas_horarios` (`id`, `zona_id`, `tipo_dia`, `hora_inicio`, `hora_fin`, `intervalo`, `created_at`, `updated_at`) VALUES
(6, 1, 'Lunes', '06:00:00', '07:00:00', 60, '2026-01-02 06:17:52', '2026-01-02 06:17:52'),
(7, 1, 'Lunes', '07:01:00', '08:00:00', 60, '2026-01-02 06:18:11', '2026-01-02 06:18:11'),
(8, 1, 'Lunes', '08:01:00', '09:00:00', 60, '2026-01-02 06:18:35', '2026-01-02 06:18:35'),
(9, 1, 'Lunes', '09:01:00', '10:00:00', 60, '2026-01-02 06:19:02', '2026-01-02 06:19:02'),
(10, 1, 'Lunes', '10:01:00', '11:00:00', 60, '2026-01-02 06:19:29', '2026-01-02 06:19:29'),
(11, 1, 'Lunes', '11:01:00', '12:00:00', 60, '2026-01-02 06:19:44', '2026-01-02 06:19:44'),
(12, 1, 'Lunes', '14:01:00', '15:00:00', 60, '2026-01-02 06:20:24', '2026-01-02 06:20:24'),
(13, 1, 'Lunes', '17:01:00', '18:00:00', 60, '2026-01-02 06:21:53', '2026-01-02 06:21:53'),
(14, 1, 'Lunes', '18:01:00', '19:00:00', 60, '2026-01-02 06:22:15', '2026-01-02 06:22:15'),
(15, 1, 'Lunes', '19:01:00', '20:00:00', 60, '2026-01-02 06:23:04', '2026-01-02 06:23:04'),
(16, 1, 'Martes', '06:00:00', '07:00:00', 60, '2026-01-02 06:17:52', '2026-01-02 06:17:52'),
(17, 1, 'Martes', '07:01:00', '08:00:00', 60, '2026-01-02 06:18:11', '2026-01-02 06:18:11'),
(18, 1, 'Martes', '08:01:00', '09:00:00', 60, '2026-01-02 06:18:35', '2026-01-02 06:18:35'),
(19, 1, 'Martes', '09:01:00', '10:00:00', 60, '2026-01-02 06:19:02', '2026-01-02 06:19:02'),
(20, 1, 'Martes', '10:01:00', '11:00:00', 60, '2026-01-02 06:19:29', '2026-01-02 06:19:29'),
(21, 1, 'Martes', '11:01:00', '12:00:00', 60, '2026-01-02 06:19:44', '2026-01-02 06:19:44'),
(22, 1, 'Martes', '14:01:00', '15:00:00', 60, '2026-01-02 06:20:24', '2026-01-02 06:20:24'),
(23, 1, 'Martes', '17:01:00', '18:00:00', 60, '2026-01-02 06:21:53', '2026-01-02 06:21:53'),
(24, 1, 'Martes', '18:01:00', '19:00:00', 60, '2026-01-02 06:22:15', '2026-01-02 06:22:15'),
(25, 1, 'Martes', '19:01:00', '20:00:00', 60, '2026-01-02 06:23:04', '2026-01-02 06:23:04'),
(26, 1, 'Miércoles', '06:00:00', '07:00:00', 60, '2026-01-02 06:17:52', '2026-01-02 06:17:52'),
(27, 1, 'Miércoles', '07:01:00', '08:00:00', 60, '2026-01-02 06:18:11', '2026-01-02 06:18:11'),
(28, 1, 'Miércoles', '08:01:00', '09:00:00', 60, '2026-01-02 06:18:35', '2026-01-02 06:18:35'),
(29, 1, 'Miércoles', '09:01:00', '10:00:00', 60, '2026-01-02 06:19:02', '2026-01-02 06:19:02'),
(30, 1, 'Miércoles', '10:01:00', '11:00:00', 60, '2026-01-02 06:19:29', '2026-01-02 06:19:29'),
(31, 1, 'Miércoles', '11:01:00', '12:00:00', 60, '2026-01-02 06:19:44', '2026-01-02 06:19:44'),
(32, 1, 'Miércoles', '13:00:00', '14:00:00', 60, '2026-01-02 06:20:04', '2026-01-02 06:20:04'),
(33, 1, 'Miércoles', '14:01:00', '15:00:00', 60, '2026-01-02 06:20:24', '2026-01-02 06:20:24'),
(34, 1, 'Miércoles', '17:01:00', '18:00:00', 60, '2026-01-02 06:21:53', '2026-01-02 06:21:53'),
(35, 1, 'Miércoles', '18:01:00', '19:00:00', 60, '2026-01-02 06:22:15', '2026-01-02 06:22:15'),
(36, 1, 'Miércoles', '19:01:00', '20:00:00', 60, '2026-01-02 06:23:04', '2026-01-02 06:23:04'),
(37, 1, 'Jueves', '06:00:00', '07:00:00', 60, '2026-01-02 06:17:52', '2026-01-02 06:17:52'),
(38, 1, 'Jueves', '07:01:00', '08:00:00', 60, '2026-01-02 06:18:11', '2026-01-02 06:18:11'),
(39, 1, 'Jueves', '08:01:00', '09:00:00', 60, '2026-01-02 06:18:35', '2026-01-02 06:18:35'),
(40, 1, 'Jueves', '09:01:00', '10:00:00', 60, '2026-01-02 06:19:02', '2026-01-02 06:19:02'),
(41, 1, 'Jueves', '10:01:00', '11:00:00', 60, '2026-01-02 06:19:29', '2026-01-02 06:19:29'),
(42, 1, 'Jueves', '11:01:00', '12:00:00', 60, '2026-01-02 06:19:44', '2026-01-02 06:19:44'),
(43, 1, 'Jueves', '13:00:00', '14:00:00', 60, '2026-01-02 06:20:04', '2026-01-02 06:20:04'),
(44, 1, 'Jueves', '14:01:00', '15:00:00', 60, '2026-01-02 06:20:24', '2026-01-02 06:20:24'),
(45, 1, 'Jueves', '17:01:00', '18:00:00', 60, '2026-01-02 06:21:53', '2026-01-02 06:21:53'),
(46, 1, 'Jueves', '18:01:00', '19:00:00', 60, '2026-01-02 06:22:15', '2026-01-02 06:22:15'),
(47, 1, 'Jueves', '19:01:00', '20:00:00', 60, '2026-01-02 06:23:04', '2026-01-02 06:23:04'),
(48, 1, 'Viernes', '06:00:00', '07:00:00', 60, '2026-01-02 06:17:52', '2026-01-02 06:17:52'),
(49, 1, 'Viernes', '07:01:00', '08:00:00', 60, '2026-01-02 06:18:11', '2026-01-02 06:18:11'),
(50, 1, 'Viernes', '08:01:00', '09:00:00', 60, '2026-01-02 06:18:35', '2026-01-02 06:18:35'),
(51, 1, 'Viernes', '09:01:00', '10:00:00', 60, '2026-01-02 06:19:02', '2026-01-02 06:19:02'),
(52, 1, 'Viernes', '10:01:00', '11:00:00', 60, '2026-01-02 06:19:29', '2026-01-02 06:19:29'),
(53, 1, 'Viernes', '11:01:00', '12:00:00', 60, '2026-01-02 06:19:44', '2026-01-02 06:19:44'),
(54, 1, 'Viernes', '13:00:00', '14:00:00', 60, '2026-01-02 06:20:04', '2026-01-02 06:20:04'),
(55, 1, 'Viernes', '14:01:00', '15:00:00', 60, '2026-01-02 06:20:24', '2026-01-02 06:20:24'),
(56, 1, 'Viernes', '17:01:00', '18:00:00', 60, '2026-01-02 06:21:53', '2026-01-02 06:21:53'),
(57, 1, 'Viernes', '18:01:00', '19:00:00', 60, '2026-01-02 06:22:15', '2026-01-02 06:22:15'),
(58, 1, 'Viernes', '19:01:00', '20:00:00', 60, '2026-01-02 06:23:04', '2026-01-02 06:23:04'),
(59, 2, 'Lunes', '06:00:00', '07:00:00', 60, '2026-01-02 06:17:52', '2026-01-02 06:17:52'),
(60, 2, 'Lunes', '07:01:00', '08:00:00', 60, '2026-01-02 06:18:11', '2026-01-02 06:18:11'),
(61, 2, 'Lunes', '08:01:00', '09:00:00', 60, '2026-01-02 06:18:35', '2026-01-02 06:18:35'),
(62, 2, 'Lunes', '09:01:00', '10:00:00', 60, '2026-01-02 06:19:02', '2026-01-02 06:19:02'),
(63, 2, 'Lunes', '10:01:00', '11:00:00', 60, '2026-01-02 06:19:29', '2026-01-02 06:19:29'),
(64, 2, 'Lunes', '11:01:00', '12:00:00', 60, '2026-01-02 06:19:44', '2026-01-02 06:19:44'),
(65, 2, 'Lunes', '14:01:00', '15:00:00', 60, '2026-01-02 06:20:24', '2026-01-02 06:20:24'),
(66, 2, 'Lunes', '17:01:00', '18:00:00', 60, '2026-01-02 06:21:53', '2026-01-02 06:21:53'),
(67, 2, 'Lunes', '18:01:00', '19:00:00', 60, '2026-01-02 06:22:15', '2026-01-02 06:22:15'),
(68, 2, 'Lunes', '19:01:00', '20:00:00', 60, '2026-01-02 06:23:04', '2026-01-02 06:23:04'),
(69, 2, 'Martes', '06:00:00', '07:00:00', 60, '2026-01-02 06:17:52', '2026-01-02 06:17:52'),
(70, 2, 'Martes', '07:01:00', '08:00:00', 60, '2026-01-02 06:18:11', '2026-01-02 06:18:11'),
(71, 2, 'Martes', '08:01:00', '09:00:00', 60, '2026-01-02 06:18:35', '2026-01-02 06:18:35'),
(72, 2, 'Martes', '09:01:00', '10:00:00', 60, '2026-01-02 06:19:02', '2026-01-02 06:19:02'),
(73, 2, 'Martes', '10:01:00', '11:00:00', 60, '2026-01-02 06:19:29', '2026-01-02 06:19:29'),
(74, 2, 'Martes', '11:01:00', '12:00:00', 60, '2026-01-02 06:19:44', '2026-01-02 06:19:44'),
(75, 2, 'Martes', '14:01:00', '15:00:00', 60, '2026-01-02 06:20:24', '2026-01-02 06:20:24'),
(76, 2, 'Martes', '17:01:00', '18:00:00', 60, '2026-01-02 06:21:53', '2026-01-02 06:21:53'),
(77, 2, 'Martes', '18:01:00', '19:00:00', 60, '2026-01-02 06:22:15', '2026-01-02 06:22:15'),
(78, 2, 'Martes', '19:01:00', '20:00:00', 60, '2026-01-02 06:23:04', '2026-01-02 06:23:04'),
(79, 2, 'Miércoles', '06:00:00', '07:00:00', 60, '2026-01-02 06:17:52', '2026-01-02 06:17:52'),
(80, 2, 'Miércoles', '07:01:00', '08:00:00', 60, '2026-01-02 06:18:11', '2026-01-02 06:18:11'),
(81, 2, 'Miércoles', '08:01:00', '09:00:00', 60, '2026-01-02 06:18:35', '2026-01-02 06:18:35'),
(82, 2, 'Miércoles', '09:01:00', '10:00:00', 60, '2026-01-02 06:19:02', '2026-01-02 06:19:02'),
(83, 2, 'Miércoles', '10:01:00', '11:00:00', 60, '2026-01-02 06:19:29', '2026-01-02 06:19:29'),
(84, 2, 'Miércoles', '11:01:00', '12:00:00', 60, '2026-01-02 06:19:44', '2026-01-02 06:19:44'),
(85, 2, 'Miércoles', '13:00:00', '14:00:00', 60, '2026-01-02 06:20:04', '2026-01-02 06:20:04'),
(86, 2, 'Miércoles', '14:01:00', '15:00:00', 60, '2026-01-02 06:20:24', '2026-01-02 06:20:24'),
(87, 2, 'Miércoles', '17:01:00', '18:00:00', 60, '2026-01-02 06:21:53', '2026-01-02 06:21:53'),
(88, 2, 'Miércoles', '18:01:00', '19:00:00', 60, '2026-01-02 06:22:15', '2026-01-02 06:22:15'),
(89, 2, 'Miércoles', '19:01:00', '20:00:00', 60, '2026-01-02 06:23:04', '2026-01-02 06:23:04'),
(90, 2, 'Jueves', '06:00:00', '07:00:00', 60, '2026-01-02 06:17:52', '2026-01-02 06:17:52'),
(91, 2, 'Jueves', '07:01:00', '08:00:00', 60, '2026-01-02 06:18:11', '2026-01-02 06:18:11'),
(92, 2, 'Jueves', '08:01:00', '09:00:00', 60, '2026-01-02 06:18:35', '2026-01-02 06:18:35'),
(93, 2, 'Jueves', '09:01:00', '10:00:00', 60, '2026-01-02 06:19:02', '2026-01-02 06:19:02'),
(94, 2, 'Jueves', '10:01:00', '11:00:00', 60, '2026-01-02 06:19:29', '2026-01-02 06:19:29'),
(95, 2, 'Jueves', '11:01:00', '12:00:00', 60, '2026-01-02 06:19:44', '2026-01-02 06:19:44'),
(96, 2, 'Jueves', '13:00:00', '14:00:00', 60, '2026-01-02 06:20:04', '2026-01-02 06:20:04'),
(97, 2, 'Jueves', '14:01:00', '15:00:00', 60, '2026-01-02 06:20:24', '2026-01-02 06:20:24'),
(98, 2, 'Jueves', '17:01:00', '18:00:00', 60, '2026-01-02 06:21:53', '2026-01-02 06:21:53'),
(99, 2, 'Jueves', '18:01:00', '19:00:00', 60, '2026-01-02 06:22:15', '2026-01-02 06:22:15'),
(100, 2, 'Jueves', '19:01:00', '20:00:00', 60, '2026-01-02 06:23:04', '2026-01-02 06:23:04'),
(101, 2, 'Viernes', '06:00:00', '07:00:00', 60, '2026-01-02 06:17:52', '2026-01-02 06:17:52'),
(102, 2, 'Viernes', '07:01:00', '08:00:00', 60, '2026-01-02 06:18:11', '2026-01-02 06:18:11'),
(103, 2, 'Viernes', '08:01:00', '09:00:00', 60, '2026-01-02 06:18:35', '2026-01-02 06:18:35'),
(104, 2, 'Viernes', '09:01:00', '10:00:00', 60, '2026-01-02 06:19:02', '2026-01-02 06:19:02'),
(105, 2, 'Viernes', '10:01:00', '11:00:00', 60, '2026-01-02 06:19:29', '2026-01-02 06:19:29'),
(106, 2, 'Viernes', '11:01:00', '12:00:00', 60, '2026-01-02 06:19:44', '2026-01-02 06:19:44'),
(107, 2, 'Viernes', '13:00:00', '14:00:00', 60, '2026-01-02 06:20:04', '2026-01-02 06:20:04'),
(108, 2, 'Viernes', '14:01:00', '15:00:00', 60, '2026-01-02 06:20:24', '2026-01-02 06:20:24'),
(109, 2, 'Viernes', '17:01:00', '18:00:00', 60, '2026-01-02 06:21:53', '2026-01-02 06:21:53'),
(110, 2, 'Viernes', '18:01:00', '19:00:00', 60, '2026-01-02 06:22:15', '2026-01-02 06:22:15'),
(111, 2, 'Viernes', '19:01:00', '20:00:00', 60, '2026-01-02 06:23:04', '2026-01-02 06:23:04'),
(112, 3, 'Lunes', '06:00:00', '07:00:00', 60, '2026-01-02 06:17:52', '2026-01-02 06:17:52'),
(113, 3, 'Lunes', '07:01:00', '08:00:00', 60, '2026-01-02 06:18:11', '2026-01-02 06:18:11'),
(114, 3, 'Lunes', '08:01:00', '09:00:00', 60, '2026-01-02 06:18:35', '2026-01-02 06:18:35'),
(115, 3, 'Lunes', '09:01:00', '10:00:00', 60, '2026-01-02 06:19:02', '2026-01-02 06:19:02'),
(116, 3, 'Lunes', '10:01:00', '11:00:00', 60, '2026-01-02 06:19:29', '2026-01-02 06:19:29'),
(117, 3, 'Lunes', '11:01:00', '12:00:00', 60, '2026-01-02 06:19:44', '2026-01-02 06:19:44'),
(118, 3, 'Lunes', '14:01:00', '15:00:00', 60, '2026-01-02 06:20:24', '2026-01-02 06:20:24'),
(119, 3, 'Lunes', '17:01:00', '18:00:00', 60, '2026-01-02 06:21:53', '2026-01-02 06:21:53'),
(120, 3, 'Lunes', '18:01:00', '19:00:00', 60, '2026-01-02 06:22:15', '2026-01-02 06:22:15'),
(121, 3, 'Lunes', '19:01:00', '20:00:00', 60, '2026-01-02 06:23:04', '2026-01-02 06:23:04'),
(122, 3, 'Martes', '06:00:00', '07:00:00', 60, '2026-01-02 06:17:52', '2026-01-02 06:17:52'),
(123, 3, 'Martes', '07:01:00', '08:00:00', 60, '2026-01-02 06:18:11', '2026-01-02 06:18:11'),
(124, 3, 'Martes', '08:01:00', '09:00:00', 60, '2026-01-02 06:18:35', '2026-01-02 06:18:35'),
(125, 3, 'Martes', '09:01:00', '10:00:00', 60, '2026-01-02 06:19:02', '2026-01-02 06:19:02'),
(126, 3, 'Martes', '10:01:00', '11:00:00', 60, '2026-01-02 06:19:29', '2026-01-02 06:19:29'),
(127, 3, 'Martes', '11:01:00', '12:00:00', 60, '2026-01-02 06:19:44', '2026-01-02 06:19:44'),
(128, 3, 'Martes', '14:01:00', '15:00:00', 60, '2026-01-02 06:20:24', '2026-01-02 06:20:24'),
(129, 3, 'Martes', '17:01:00', '18:00:00', 60, '2026-01-02 06:21:53', '2026-01-02 06:21:53'),
(130, 3, 'Martes', '18:01:00', '19:00:00', 60, '2026-01-02 06:22:15', '2026-01-02 06:22:15'),
(131, 3, 'Martes', '19:01:00', '20:00:00', 60, '2026-01-02 06:23:04', '2026-01-02 06:23:04'),
(132, 3, 'Miércoles', '06:00:00', '07:00:00', 60, '2026-01-02 06:17:52', '2026-01-02 06:17:52'),
(133, 3, 'Miércoles', '07:01:00', '08:00:00', 60, '2026-01-02 06:18:11', '2026-01-02 06:18:11'),
(134, 3, 'Miércoles', '08:01:00', '09:00:00', 60, '2026-01-02 06:18:35', '2026-01-02 06:18:35'),
(135, 3, 'Miércoles', '09:01:00', '10:00:00', 60, '2026-01-02 06:19:02', '2026-01-02 06:19:02'),
(136, 3, 'Miércoles', '10:01:00', '11:00:00', 60, '2026-01-02 06:19:29', '2026-01-02 06:19:29'),
(137, 3, 'Miércoles', '11:01:00', '12:00:00', 60, '2026-01-02 06:19:44', '2026-01-02 06:19:44'),
(138, 3, 'Miércoles', '13:00:00', '14:00:00', 60, '2026-01-02 06:20:04', '2026-01-02 06:20:04'),
(139, 3, 'Miércoles', '14:01:00', '15:00:00', 60, '2026-01-02 06:20:24', '2026-01-02 06:20:24'),
(140, 3, 'Miércoles', '17:01:00', '18:00:00', 60, '2026-01-02 06:21:53', '2026-01-02 06:21:53'),
(141, 3, 'Miércoles', '18:01:00', '19:00:00', 60, '2026-01-02 06:22:15', '2026-01-02 06:22:15'),
(142, 3, 'Miércoles', '19:01:00', '20:00:00', 60, '2026-01-02 06:23:04', '2026-01-02 06:23:04'),
(143, 3, 'Jueves', '06:00:00', '07:00:00', 60, '2026-01-02 06:17:52', '2026-01-02 06:17:52'),
(144, 3, 'Jueves', '07:01:00', '08:00:00', 60, '2026-01-02 06:18:11', '2026-01-02 06:18:11'),
(145, 3, 'Jueves', '08:01:00', '09:00:00', 60, '2026-01-02 06:18:35', '2026-01-02 06:18:35'),
(146, 3, 'Jueves', '09:01:00', '10:00:00', 60, '2026-01-02 06:19:02', '2026-01-02 06:19:02'),
(147, 3, 'Jueves', '10:01:00', '11:00:00', 60, '2026-01-02 06:19:29', '2026-01-02 06:19:29'),
(148, 3, 'Jueves', '11:01:00', '12:00:00', 60, '2026-01-02 06:19:44', '2026-01-02 06:19:44'),
(149, 3, 'Jueves', '13:00:00', '14:00:00', 60, '2026-01-02 06:20:04', '2026-01-02 06:20:04'),
(150, 3, 'Jueves', '14:01:00', '15:00:00', 60, '2026-01-02 06:20:24', '2026-01-02 06:20:24'),
(151, 3, 'Jueves', '17:01:00', '18:00:00', 60, '2026-01-02 06:21:53', '2026-01-02 06:21:53'),
(152, 3, 'Jueves', '18:01:00', '19:00:00', 60, '2026-01-02 06:22:15', '2026-01-02 06:22:15'),
(153, 3, 'Jueves', '19:01:00', '20:00:00', 60, '2026-01-02 06:23:04', '2026-01-02 06:23:04'),
(154, 3, 'Viernes', '06:00:00', '07:00:00', 60, '2026-01-02 06:17:52', '2026-01-02 06:17:52'),
(155, 3, 'Viernes', '07:01:00', '08:00:00', 60, '2026-01-02 06:18:11', '2026-01-02 06:18:11'),
(156, 3, 'Viernes', '08:01:00', '09:00:00', 60, '2026-01-02 06:18:35', '2026-01-02 06:18:35'),
(157, 3, 'Viernes', '09:01:00', '10:00:00', 60, '2026-01-02 06:19:02', '2026-01-02 06:19:02'),
(158, 3, 'Viernes', '10:01:00', '11:00:00', 60, '2026-01-02 06:19:29', '2026-01-02 06:19:29'),
(159, 3, 'Viernes', '11:01:00', '12:00:00', 60, '2026-01-02 06:19:44', '2026-01-02 06:19:44'),
(160, 3, 'Viernes', '13:00:00', '14:00:00', 60, '2026-01-02 06:20:04', '2026-01-02 06:20:04'),
(161, 3, 'Viernes', '14:01:00', '15:00:00', 60, '2026-01-02 06:20:24', '2026-01-02 06:20:24'),
(162, 3, 'Viernes', '17:01:00', '18:00:00', 60, '2026-01-02 06:21:53', '2026-01-02 06:21:53'),
(163, 3, 'Viernes', '18:01:00', '19:00:00', 60, '2026-01-02 06:22:15', '2026-01-02 06:22:15'),
(164, 3, 'Viernes', '19:01:00', '20:00:00', 60, '2026-01-02 06:23:04', '2026-01-02 06:23:04');

-- --------------------------------------------------------

--
-- Estructura de tabla para la tabla `zona_comun`
--

CREATE TABLE `zona_comun` (
  `id` bigint(20) UNSIGNED NOT NULL,
  `conjunto_id` bigint(20) UNSIGNED DEFAULT NULL,
  `nombre` varchar(255) COLLATE utf8mb4_unicode_ci NOT NULL,
  `descripcion` text COLLATE utf8mb4_unicode_ci,
  `estado` varchar(255) COLLATE utf8mb4_unicode_ci NOT NULL,
  `activo` tinyint(1) NOT NULL DEFAULT '1',
  `limite` int(11) DEFAULT NULL,
  `tipo` varchar(100) COLLATE utf8mb4_unicode_ci DEFAULT NULL,
  `created_at` timestamp NULL DEFAULT NULL,
  `updated_at` timestamp NULL DEFAULT NULL
) ENGINE=InnoDB DEFAULT CHARSET=utf8mb4 COLLATE=utf8mb4_unicode_ci;

--
-- Volcado de datos para la tabla `zona_comun`
--

INSERT INTO `zona_comun` (`id`, `conjunto_id`, `nombre`, `descripcion`, `estado`, `activo`, `limite`, `tipo`, `created_at`, `updated_at`) VALUES
(1, 1, 'Salon Comunal', 'ewrtyukjghfdeadwq', 'Activo', 1, 1, 'general', '2025-09-02 03:14:22', '2026-01-13 21:46:05'),
(2, 1, 'Zona BBQ', 'ewrthjyuterwrqetty', 'Activo', 1, 1, 'general', '2025-11-08 06:13:01', '2026-01-13 21:45:58'),
(3, 1, 'Mario Perez 3', 'descripcion', 'Activo', 1, 10, 'piscina', '2025-11-21 05:21:23', '2026-01-13 21:47:07'),
(4, NULL, 'Primavera', 'tercera imagen', 'Activo', 1, NULL, NULL, '2026-01-13 19:29:44', '2026-01-13 19:29:44');

-- --------------------------------------------------------

--
-- Estructura de tabla para la tabla `zona_comun_horarios`
--

CREATE TABLE `zona_comun_horarios` (
  `id` bigint(20) UNSIGNED NOT NULL,
  `zona_comun_id` bigint(20) UNSIGNED NOT NULL,
  `dia_semana` tinyint(4) NOT NULL,
  `hora_inicio` time NOT NULL,
  `hora_fin` time NOT NULL,
  `created_at` timestamp NULL DEFAULT NULL,
  `updated_at` timestamp NULL DEFAULT NULL
) ENGINE=InnoDB DEFAULT CHARSET=utf8mb4 COLLATE=utf8mb4_unicode_ci;

--
-- Volcado de datos para la tabla `zona_comun_horarios`
--

INSERT INTO `zona_comun_horarios` (`id`, `zona_comun_id`, `dia_semana`, `hora_inicio`, `hora_fin`, `created_at`, `updated_at`) VALUES
(1, 3, 1, '07:22:00', '19:22:00', '2025-11-21 05:22:42', '2025-11-21 05:22:42'),
(2, 3, 2, '20:40:00', '23:40:00', '2025-11-21 05:40:28', '2025-11-21 05:40:28');

--
-- Índices para tablas volcadas
--

--
-- Indices de la tabla `actividades`
--
ALTER TABLE `actividades`
  ADD PRIMARY KEY (`id`);

--
-- Indices de la tabla `apartamentos`
--
ALTER TABLE `apartamentos`
  ADD PRIMARY KEY (`id`),
  ADD KEY `apartamentos_bloque_id_foreign` (`bloque_id`);

--
-- Indices de la tabla `apartments`
--
ALTER TABLE `apartments`
  ADD PRIMARY KEY (`id`),
  ADD KEY `apartments_client_id_foreign` (`client_id`);

--
-- Indices de la tabla `asambleas`
--
ALTER TABLE `asambleas`
  ADD PRIMARY KEY (`id`);

--
-- Indices de la tabla `bandas_horarias`
--
ALTER TABLE `bandas_horarias`
  ADD PRIMARY KEY (`id`);

--
-- Indices de la tabla `bloques`
--
ALTER TABLE `bloques`
  ADD PRIMARY KEY (`id`),
  ADD KEY `bloques_conjunto_id_foreign` (`conjunto_id`);

--
-- Indices de la tabla `casas`
--
ALTER TABLE `casas`
  ADD PRIMARY KEY (`id`),
  ADD KEY `casas_conjunto_id_foreign` (`conjunto_id`);

--
-- Indices de la tabla `categoria_vehiculo`
--
ALTER TABLE `categoria_vehiculo`
  ADD PRIMARY KEY (`id`);

--
-- Indices de la tabla `circulares`
--
ALTER TABLE `circulares`
  ADD PRIMARY KEY (`id`);

--
-- Indices de la tabla `clasificados`
--
ALTER TABLE `clasificados`
  ADD PRIMARY KEY (`id`);

--
-- Indices de la tabla `clasificado_galerias`
--
ALTER TABLE `clasificado_galerias`
  ADD PRIMARY KEY (`id`),
  ADD KEY `clasificado_galerias_clasificado_id_foreign` (`clasificado_id`);

--
-- Indices de la tabla `clients`
--
ALTER TABLE `clients`
  ADD PRIMARY KEY (`id`),
  ADD UNIQUE KEY `clients_cedula_unique` (`cedula`),
  ADD UNIQUE KEY `clients_email_unique` (`email`);

--
-- Indices de la tabla `configuraciones_parqueaderos`
--
ALTER TABLE `configuraciones_parqueaderos`
  ADD PRIMARY KEY (`id`);

--
-- Indices de la tabla `conjuntos`
--
ALTER TABLE `conjuntos`
  ADD PRIMARY KEY (`id`),
  ADD KEY `conjuntos_administrador_id_foreign` (`administrador_id`);

--
-- Indices de la tabla `correspondencias`
--
ALTER TABLE `correspondencias`
  ADD PRIMARY KEY (`id`),
  ADD KEY `correspondencias_casa_id_foreign` (`casa_id`);

--
-- Indices de la tabla `directorios`
--
ALTER TABLE `directorios`
  ADD PRIMARY KEY (`id`);

--
-- Indices de la tabla `empleados`
--
ALTER TABLE `empleados`
  ADD PRIMARY KEY (`id`);

--
-- Indices de la tabla `emprendimientos`
--
ALTER TABLE `emprendimientos`
  ADD PRIMARY KEY (`id`);

--
-- Indices de la tabla `encuestas`
--
ALTER TABLE `encuestas`
  ADD PRIMARY KEY (`id`);

--
-- Indices de la tabla `encuestas_respuestas`
--
ALTER TABLE `encuestas_respuestas`
  ADD PRIMARY KEY (`id`),
  ADD KEY `encuestas_respuestas_encuesta_id_foreign` (`encuesta_id`),
  ADD KEY `encuestas_respuestas_usuario_id_foreign` (`usuario_id`);

--
-- Indices de la tabla `failed_jobs`
--
ALTER TABLE `failed_jobs`
  ADD PRIMARY KEY (`id`),
  ADD UNIQUE KEY `failed_jobs_uuid_unique` (`uuid`);

--
-- Indices de la tabla `foros`
--
ALTER TABLE `foros`
  ADD PRIMARY KEY (`id`);

--
-- Indices de la tabla `galeria_conjuntos`
--
ALTER TABLE `galeria_conjuntos`
  ADD PRIMARY KEY (`id`);

--
-- Indices de la tabla `galeria_emprendimientos`
--
ALTER TABLE `galeria_emprendimientos`
  ADD PRIMARY KEY (`id`),
  ADD KEY `galeria_emprendimientos_emprendimiento_id_foreign` (`emprendimiento_id`);

--
-- Indices de la tabla `informacion_conjuntos`
--
ALTER TABLE `informacion_conjuntos`
  ADD PRIMARY KEY (`id`),
  ADD KEY `informacion_conjuntos_conjunto_id_foreign` (`conjunto_id`);

--
-- Indices de la tabla `invoices`
--
ALTER TABLE `invoices`
  ADD PRIMARY KEY (`id`),
  ADD UNIQUE KEY `invoices_invoice_number_unique` (`invoice_number`),
  ADD KEY `invoices_client_id_foreign` (`client_id`),
  ADD KEY `invoices_vehicle_id_foreign` (`vehicle_id`);

--
-- Indices de la tabla `log_sistemas`
--
ALTER TABLE `log_sistemas`
  ADD PRIMARY KEY (`id`),
  ADD KEY `log_sistemas_usuario_id_foreign` (`usuario_id`);

--
-- Indices de la tabla `log_usuarios`
--
ALTER TABLE `log_usuarios`
  ADD PRIMARY KEY (`id`);

--
-- Indices de la tabla `manuales`
--
ALTER TABLE `manuales`
  ADD PRIMARY KEY (`id`);

--
-- Indices de la tabla `mensajes_vistas`
--
ALTER TABLE `mensajes_vistas`
  ADD PRIMARY KEY (`id`);

--
-- Indices de la tabla `migrations`
--
ALTER TABLE `migrations`
  ADD PRIMARY KEY (`id`);

--
-- Indices de la tabla `model_has_permissions`
--
ALTER TABLE `model_has_permissions`
  ADD PRIMARY KEY (`permission_id`,`model_id`,`model_type`),
  ADD KEY `model_has_permissions_model_id_model_type_index` (`model_id`,`model_type`);

--
-- Indices de la tabla `model_has_roles`
--
ALTER TABLE `model_has_roles`
  ADD PRIMARY KEY (`role_id`,`model_id`,`model_type`),
  ADD KEY `model_has_roles_model_id_model_type_index` (`model_id`,`model_type`);

--
-- Indices de la tabla `oauth_access_tokens`
--
ALTER TABLE `oauth_access_tokens`
  ADD PRIMARY KEY (`id`),
  ADD KEY `oauth_access_tokens_user_id_index` (`user_id`);

--
-- Indices de la tabla `oauth_auth_codes`
--
ALTER TABLE `oauth_auth_codes`
  ADD PRIMARY KEY (`id`),
  ADD KEY `oauth_auth_codes_user_id_index` (`user_id`);

--
-- Indices de la tabla `oauth_clients`
--
ALTER TABLE `oauth_clients`
  ADD PRIMARY KEY (`id`),
  ADD KEY `oauth_clients_user_id_index` (`user_id`);

--
-- Indices de la tabla `oauth_personal_access_clients`
--
ALTER TABLE `oauth_personal_access_clients`
  ADD PRIMARY KEY (`id`);

--
-- Indices de la tabla `oauth_refresh_tokens`
--
ALTER TABLE `oauth_refresh_tokens`
  ADD PRIMARY KEY (`id`),
  ADD KEY `oauth_refresh_tokens_access_token_id_index` (`access_token_id`);

--
-- Indices de la tabla `pagos`
--
ALTER TABLE `pagos`
  ADD PRIMARY KEY (`id`),
  ADD KEY `pagos_casa_id_foreign` (`casa_id`),
  ADD KEY `pagos_administrador_id_foreign` (`administrador_id`);

--
-- Indices de la tabla `parqueaderos`
--
ALTER TABLE `parqueaderos`
  ADD PRIMARY KEY (`id`);

--
-- Indices de la tabla `parqueadero_visitantes`
--
ALTER TABLE `parqueadero_visitantes`
  ADD PRIMARY KEY (`id`),
  ADD KEY `parqueadero_visitantes_parqueadero_id_foreign` (`parqueadero_id`),
  ADD KEY `parqueadero_visitantes_categoria_id_foreign` (`categoria_id`),
  ADD KEY `parqueadero_visitantes_precio_id_foreign` (`precio_id`);

--
-- Indices de la tabla `password_resets`
--
ALTER TABLE `password_resets`
  ADD KEY `password_resets_email_index` (`email`);

--
-- Indices de la tabla `password_reset_tokens`
--
ALTER TABLE `password_reset_tokens`
  ADD PRIMARY KEY (`email`);

--
-- Indices de la tabla `permissions`
--
ALTER TABLE `permissions`
  ADD PRIMARY KEY (`id`),
  ADD UNIQUE KEY `permissions_name_guard_name_unique` (`name`,`guard_name`);

--
-- Indices de la tabla `personal_access_tokens`
--
ALTER TABLE `personal_access_tokens`
  ADD PRIMARY KEY (`id`),
  ADD UNIQUE KEY `personal_access_tokens_token_unique` (`token`),
  ADD KEY `personal_access_tokens_tokenable_type_tokenable_id_index` (`tokenable_type`,`tokenable_id`);

--
-- Indices de la tabla `registro_parqueaderos`
--
ALTER TABLE `registro_parqueaderos`
  ADD PRIMARY KEY (`id`),
  ADD KEY `registro_parqueaderos_parqueadero_id_foreign` (`parqueadero_id`),
  ADD KEY `registro_parqueaderos_vehiculo_id_foreign` (`vehiculo_id`),
  ADD KEY `registro_parqueaderos_casa_id_foreign` (`casa_id`);

--
-- Indices de la tabla `registro_personas`
--
ALTER TABLE `registro_personas`
  ADD PRIMARY KEY (`id`),
  ADD KEY `registro_personas_casa_id_foreign` (`casa_id`),
  ADD KEY `registro_personas_documento_index` (`documento`);

--
-- Indices de la tabla `reglas_umbral`
--
ALTER TABLE `reglas_umbral`
  ADD PRIMARY KEY (`id`),
  ADD KEY `reglas_umbral_tipo_vehiculo_id_foreign` (`tipo_vehiculo_id`),
  ADD KEY `reglas_umbral_banda_horaria_id_foreign` (`banda_horaria_id`);

--
-- Indices de la tabla `reports`
--
ALTER TABLE `reports`
  ADD PRIMARY KEY (`id`),
  ADD KEY `reports_client_id_foreign` (`client_id`),
  ADD KEY `reports_vehicle_id_foreign` (`vehicle_id`);

--
-- Indices de la tabla `reservas_zonas`
--
ALTER TABLE `reservas_zonas`
  ADD PRIMARY KEY (`id`),
  ADD KEY `reservas_zonas_conjunto_id_foreign` (`conjunto_id`),
  ADD KEY `reservas_zonas_zona_id_foreign` (`zona_id`);

--
-- Indices de la tabla `reservations`
--
ALTER TABLE `reservations`
  ADD PRIMARY KEY (`id`),
  ADD KEY `reservations_client_id_foreign` (`client_id`),
  ADD KEY `reservations_vehicle_id_foreign` (`vehicle_id`),
  ADD KEY `reservations_space_id_foreign` (`space_id`);

--
-- Indices de la tabla `residentes`
--
ALTER TABLE `residentes`
  ADD PRIMARY KEY (`id`),
  ADD KEY `residentes_conjunto_id_foreign` (`conjunto_id`),
  ADD KEY `residentes_casa_id_foreign` (`casa_id`),
  ADD KEY `residentes_usuario_id_foreign` (`usuario_id`);

--
-- Indices de la tabla `respuesta_foros`
--
ALTER TABLE `respuesta_foros`
  ADD PRIMARY KEY (`id`),
  ADD KEY `respuesta_foros_foro_id_foreign` (`foro_id`),
  ADD KEY `respuesta_foros_usuario_id_foreign` (`usuario_id`);

--
-- Indices de la tabla `roles`
--
ALTER TABLE `roles`
  ADD PRIMARY KEY (`id`),
  ADD UNIQUE KEY `roles_name_guard_name_unique` (`name`,`guard_name`);

--
-- Indices de la tabla `role_has_permissions`
--
ALTER TABLE `role_has_permissions`
  ADD PRIMARY KEY (`permission_id`,`role_id`),
  ADD KEY `role_has_permissions_role_id_foreign` (`role_id`);

--
-- Indices de la tabla `sessions`
--
ALTER TABLE `sessions`
  ADD PRIMARY KEY (`id`),
  ADD KEY `sessions_user_id_index` (`user_id`),
  ADD KEY `sessions_last_activity_index` (`last_activity`);

--
-- Indices de la tabla `spaces`
--
ALTER TABLE `spaces`
  ADD PRIMARY KEY (`id`),
  ADD UNIQUE KEY `spaces_numero_unique` (`numero`);

--
-- Indices de la tabla `tarifas_conjuntos`
--
ALTER TABLE `tarifas_conjuntos`
  ADD PRIMARY KEY (`id`);

--
-- Indices de la tabla `tarifas_parqueadero_visitantes`
--
ALTER TABLE `tarifas_parqueadero_visitantes`
  ADD PRIMARY KEY (`id`);

--
-- Indices de la tabla `tarifas_vehiculos`
--
ALTER TABLE `tarifas_vehiculos`
  ADD PRIMARY KEY (`id`),
  ADD KEY `tarifas_vehiculos_banda_horaria_id_foreign` (`banda_horaria_id`),
  ADD KEY `tarifas_vehiculos_tipo_vehiculo_id_banda_horaria_id_index` (`tipo_vehiculo_id`,`banda_horaria_id`);

--
-- Indices de la tabla `tipos_vehiculos`
--
ALTER TABLE `tipos_vehiculos`
  ADD PRIMARY KEY (`id`),
  ADD UNIQUE KEY `tipos_vehiculos_slug_unique` (`slug`);

--
-- Indices de la tabla `trasteos`
--
ALTER TABLE `trasteos`
  ADD PRIMARY KEY (`id`),
  ADD KEY `trasteos_usuario_id_foreign` (`usuario_id`),
  ADD KEY `trasteos_administrador_id_foreign` (`administrador_id`);

--
-- Indices de la tabla `users`
--
ALTER TABLE `users`
  ADD PRIMARY KEY (`id`),
  ADD UNIQUE KEY `users_email_unique` (`email`);

--
-- Indices de la tabla `vehicles`
--
ALTER TABLE `vehicles`
  ADD PRIMARY KEY (`id`),
  ADD UNIQUE KEY `vehicles_placa_unique` (`placa`);

--
-- Indices de la tabla `vehiculos`
--
ALTER TABLE `vehiculos`
  ADD PRIMARY KEY (`id`);

--
-- Indices de la tabla `visitantes`
--
ALTER TABLE `visitantes`
  ADD PRIMARY KEY (`id`),
  ADD KEY `visitantes_residente_id_foreign` (`residente_id`);

--
-- Indices de la tabla `zonas_horarios`
--
ALTER TABLE `zonas_horarios`
  ADD PRIMARY KEY (`id`),
  ADD KEY `zonas_horarios_zona_id_foreign` (`zona_id`);

--
-- Indices de la tabla `zona_comun`
--
ALTER TABLE `zona_comun`
  ADD PRIMARY KEY (`id`),
  ADD KEY `zona_comun_conjunto_id_foreign` (`conjunto_id`);

--
-- Indices de la tabla `zona_comun_horarios`
--
ALTER TABLE `zona_comun_horarios`
  ADD PRIMARY KEY (`id`),
  ADD KEY `zona_comun_horarios_zona_comun_id_foreign` (`zona_comun_id`);

--
-- AUTO_INCREMENT de las tablas volcadas
--

--
-- AUTO_INCREMENT de la tabla `actividades`
--
ALTER TABLE `actividades`
  MODIFY `id` bigint(20) UNSIGNED NOT NULL AUTO_INCREMENT, AUTO_INCREMENT=4;

--
-- AUTO_INCREMENT de la tabla `apartamentos`
--
ALTER TABLE `apartamentos`
  MODIFY `id` bigint(20) UNSIGNED NOT NULL AUTO_INCREMENT;

--
-- AUTO_INCREMENT de la tabla `apartments`
--
ALTER TABLE `apartments`
  MODIFY `id` bigint(20) UNSIGNED NOT NULL AUTO_INCREMENT;

--
-- AUTO_INCREMENT de la tabla `asambleas`
--
ALTER TABLE `asambleas`
  MODIFY `id` bigint(20) UNSIGNED NOT NULL AUTO_INCREMENT;

--
-- AUTO_INCREMENT de la tabla `bandas_horarias`
--
ALTER TABLE `bandas_horarias`
  MODIFY `id` bigint(20) UNSIGNED NOT NULL AUTO_INCREMENT, AUTO_INCREMENT=3;

--
-- AUTO_INCREMENT de la tabla `bloques`
--
ALTER TABLE `bloques`
  MODIFY `id` bigint(20) UNSIGNED NOT NULL AUTO_INCREMENT;

--
-- AUTO_INCREMENT de la tabla `casas`
--
ALTER TABLE `casas`
  MODIFY `id` bigint(20) UNSIGNED NOT NULL AUTO_INCREMENT, AUTO_INCREMENT=137;

--
-- AUTO_INCREMENT de la tabla `categoria_vehiculo`
--
ALTER TABLE `categoria_vehiculo`
  MODIFY `id` bigint(20) UNSIGNED NOT NULL AUTO_INCREMENT;

--
-- AUTO_INCREMENT de la tabla `circulares`
--
ALTER TABLE `circulares`
  MODIFY `id` bigint(20) UNSIGNED NOT NULL AUTO_INCREMENT, AUTO_INCREMENT=2;

--
-- AUTO_INCREMENT de la tabla `clasificados`
--
ALTER TABLE `clasificados`
  MODIFY `id` bigint(20) UNSIGNED NOT NULL AUTO_INCREMENT, AUTO_INCREMENT=3;

--
-- AUTO_INCREMENT de la tabla `clasificado_galerias`
--
ALTER TABLE `clasificado_galerias`
  MODIFY `id` bigint(20) UNSIGNED NOT NULL AUTO_INCREMENT, AUTO_INCREMENT=5;

--
-- AUTO_INCREMENT de la tabla `clients`
--
ALTER TABLE `clients`
  MODIFY `id` bigint(20) UNSIGNED NOT NULL AUTO_INCREMENT, AUTO_INCREMENT=2;

--
-- AUTO_INCREMENT de la tabla `configuraciones_parqueaderos`
--
ALTER TABLE `configuraciones_parqueaderos`
  MODIFY `id` bigint(20) UNSIGNED NOT NULL AUTO_INCREMENT, AUTO_INCREMENT=2;

--
-- AUTO_INCREMENT de la tabla `conjuntos`
--
ALTER TABLE `conjuntos`
  MODIFY `id` bigint(20) UNSIGNED NOT NULL AUTO_INCREMENT, AUTO_INCREMENT=3;

--
-- AUTO_INCREMENT de la tabla `correspondencias`
--
ALTER TABLE `correspondencias`
  MODIFY `id` bigint(20) UNSIGNED NOT NULL AUTO_INCREMENT, AUTO_INCREMENT=137;

--
-- AUTO_INCREMENT de la tabla `directorios`
--
ALTER TABLE `directorios`
  MODIFY `id` bigint(20) UNSIGNED NOT NULL AUTO_INCREMENT, AUTO_INCREMENT=2;

--
-- AUTO_INCREMENT de la tabla `empleados`
--
ALTER TABLE `empleados`
  MODIFY `id` bigint(20) UNSIGNED NOT NULL AUTO_INCREMENT;

--
-- AUTO_INCREMENT de la tabla `emprendimientos`
--
ALTER TABLE `emprendimientos`
  MODIFY `id` bigint(20) UNSIGNED NOT NULL AUTO_INCREMENT, AUTO_INCREMENT=2;

--
-- AUTO_INCREMENT de la tabla `encuestas`
--
ALTER TABLE `encuestas`
  MODIFY `id` bigint(20) UNSIGNED NOT NULL AUTO_INCREMENT, AUTO_INCREMENT=2;

--
-- AUTO_INCREMENT de la tabla `encuestas_respuestas`
--
ALTER TABLE `encuestas_respuestas`
  MODIFY `id` bigint(20) UNSIGNED NOT NULL AUTO_INCREMENT;

--
-- AUTO_INCREMENT de la tabla `failed_jobs`
--
ALTER TABLE `failed_jobs`
  MODIFY `id` bigint(20) UNSIGNED NOT NULL AUTO_INCREMENT;

--
-- AUTO_INCREMENT de la tabla `foros`
--
ALTER TABLE `foros`
  MODIFY `id` bigint(20) UNSIGNED NOT NULL AUTO_INCREMENT, AUTO_INCREMENT=2;

--
-- AUTO_INCREMENT de la tabla `galeria_conjuntos`
--
ALTER TABLE `galeria_conjuntos`
  MODIFY `id` bigint(20) UNSIGNED NOT NULL AUTO_INCREMENT, AUTO_INCREMENT=2;

--
-- AUTO_INCREMENT de la tabla `galeria_emprendimientos`
--
ALTER TABLE `galeria_emprendimientos`
  MODIFY `id` bigint(20) UNSIGNED NOT NULL AUTO_INCREMENT;

--
-- AUTO_INCREMENT de la tabla `informacion_conjuntos`
--
ALTER TABLE `informacion_conjuntos`
  MODIFY `id` bigint(20) UNSIGNED NOT NULL AUTO_INCREMENT, AUTO_INCREMENT=5;

--
-- AUTO_INCREMENT de la tabla `invoices`
--
ALTER TABLE `invoices`
  MODIFY `id` bigint(20) UNSIGNED NOT NULL AUTO_INCREMENT, AUTO_INCREMENT=2;

--
-- AUTO_INCREMENT de la tabla `log_sistemas`
--
ALTER TABLE `log_sistemas`
  MODIFY `id` bigint(20) UNSIGNED NOT NULL AUTO_INCREMENT, AUTO_INCREMENT=132;

--
-- AUTO_INCREMENT de la tabla `log_usuarios`
--
ALTER TABLE `log_usuarios`
  MODIFY `id` bigint(20) UNSIGNED NOT NULL AUTO_INCREMENT, AUTO_INCREMENT=61;

--
-- AUTO_INCREMENT de la tabla `manuales`
--
ALTER TABLE `manuales`
  MODIFY `id` bigint(20) UNSIGNED NOT NULL AUTO_INCREMENT;

--
-- AUTO_INCREMENT de la tabla `mensajes_vistas`
--
ALTER TABLE `mensajes_vistas`
  MODIFY `id` bigint(20) UNSIGNED NOT NULL AUTO_INCREMENT;

--
-- AUTO_INCREMENT de la tabla `migrations`
--
ALTER TABLE `migrations`
  MODIFY `id` int(10) UNSIGNED NOT NULL AUTO_INCREMENT, AUTO_INCREMENT=87;

--
-- AUTO_INCREMENT de la tabla `oauth_clients`
--
ALTER TABLE `oauth_clients`
  MODIFY `id` bigint(20) UNSIGNED NOT NULL AUTO_INCREMENT;

--
-- AUTO_INCREMENT de la tabla `oauth_personal_access_clients`
--
ALTER TABLE `oauth_personal_access_clients`
  MODIFY `id` bigint(20) UNSIGNED NOT NULL AUTO_INCREMENT;

--
-- AUTO_INCREMENT de la tabla `pagos`
--
ALTER TABLE `pagos`
  MODIFY `id` bigint(20) UNSIGNED NOT NULL AUTO_INCREMENT;

--
-- AUTO_INCREMENT de la tabla `parqueaderos`
--
ALTER TABLE `parqueaderos`
  MODIFY `id` bigint(20) UNSIGNED NOT NULL AUTO_INCREMENT, AUTO_INCREMENT=6;

--
-- AUTO_INCREMENT de la tabla `parqueadero_visitantes`
--
ALTER TABLE `parqueadero_visitantes`
  MODIFY `id` bigint(20) UNSIGNED NOT NULL AUTO_INCREMENT;

--
-- AUTO_INCREMENT de la tabla `permissions`
--
ALTER TABLE `permissions`
  MODIFY `id` bigint(20) UNSIGNED NOT NULL AUTO_INCREMENT, AUTO_INCREMENT=66;

--
-- AUTO_INCREMENT de la tabla `personal_access_tokens`
--
ALTER TABLE `personal_access_tokens`
  MODIFY `id` bigint(20) UNSIGNED NOT NULL AUTO_INCREMENT, AUTO_INCREMENT=2;

--
-- AUTO_INCREMENT de la tabla `registro_parqueaderos`
--
ALTER TABLE `registro_parqueaderos`
  MODIFY `id` bigint(20) UNSIGNED NOT NULL AUTO_INCREMENT, AUTO_INCREMENT=11;

--
-- AUTO_INCREMENT de la tabla `registro_personas`
--
ALTER TABLE `registro_personas`
  MODIFY `id` bigint(20) UNSIGNED NOT NULL AUTO_INCREMENT, AUTO_INCREMENT=9;

--
-- AUTO_INCREMENT de la tabla `reglas_umbral`
--
ALTER TABLE `reglas_umbral`
  MODIFY `id` bigint(20) UNSIGNED NOT NULL AUTO_INCREMENT;

--
-- AUTO_INCREMENT de la tabla `reports`
--
ALTER TABLE `reports`
  MODIFY `id` bigint(20) UNSIGNED NOT NULL AUTO_INCREMENT;

--
-- AUTO_INCREMENT de la tabla `reservas_zonas`
--
ALTER TABLE `reservas_zonas`
  MODIFY `id` bigint(20) UNSIGNED NOT NULL AUTO_INCREMENT;

--
-- AUTO_INCREMENT de la tabla `reservations`
--
ALTER TABLE `reservations`
  MODIFY `id` bigint(20) UNSIGNED NOT NULL AUTO_INCREMENT;

--
-- AUTO_INCREMENT de la tabla `residentes`
--
ALTER TABLE `residentes`
  MODIFY `id` bigint(20) UNSIGNED NOT NULL AUTO_INCREMENT, AUTO_INCREMENT=130;

--
-- AUTO_INCREMENT de la tabla `respuesta_foros`
--
ALTER TABLE `respuesta_foros`
  MODIFY `id` bigint(20) UNSIGNED NOT NULL AUTO_INCREMENT;

--
-- AUTO_INCREMENT de la tabla `roles`
--
ALTER TABLE `roles`
  MODIFY `id` bigint(20) UNSIGNED NOT NULL AUTO_INCREMENT, AUTO_INCREMENT=5;

--
-- AUTO_INCREMENT de la tabla `spaces`
--
ALTER TABLE `spaces`
  MODIFY `id` bigint(20) UNSIGNED NOT NULL AUTO_INCREMENT, AUTO_INCREMENT=3;

--
-- AUTO_INCREMENT de la tabla `tarifas_conjuntos`
--
ALTER TABLE `tarifas_conjuntos`
  MODIFY `id` bigint(20) UNSIGNED NOT NULL AUTO_INCREMENT;

--
-- AUTO_INCREMENT de la tabla `tarifas_parqueadero_visitantes`
--
ALTER TABLE `tarifas_parqueadero_visitantes`
  MODIFY `id` bigint(20) UNSIGNED NOT NULL AUTO_INCREMENT, AUTO_INCREMENT=3;

--
-- AUTO_INCREMENT de la tabla `tarifas_vehiculos`
--
ALTER TABLE `tarifas_vehiculos`
  MODIFY `id` bigint(20) UNSIGNED NOT NULL AUTO_INCREMENT, AUTO_INCREMENT=2;

--
-- AUTO_INCREMENT de la tabla `tipos_vehiculos`
--
ALTER TABLE `tipos_vehiculos`
  MODIFY `id` bigint(20) UNSIGNED NOT NULL AUTO_INCREMENT, AUTO_INCREMENT=3;

--
-- AUTO_INCREMENT de la tabla `trasteos`
--
ALTER TABLE `trasteos`
  MODIFY `id` bigint(20) UNSIGNED NOT NULL AUTO_INCREMENT, AUTO_INCREMENT=5;

--
-- AUTO_INCREMENT de la tabla `users`
--
ALTER TABLE `users`
  MODIFY `id` bigint(20) UNSIGNED NOT NULL AUTO_INCREMENT, AUTO_INCREMENT=128;

--
-- AUTO_INCREMENT de la tabla `vehicles`
--
ALTER TABLE `vehicles`
  MODIFY `id` bigint(20) UNSIGNED NOT NULL AUTO_INCREMENT, AUTO_INCREMENT=2;

--
-- AUTO_INCREMENT de la tabla `vehiculos`
--
ALTER TABLE `vehiculos`
  MODIFY `id` bigint(20) UNSIGNED NOT NULL AUTO_INCREMENT, AUTO_INCREMENT=5;

--
-- AUTO_INCREMENT de la tabla `visitantes`
--
ALTER TABLE `visitantes`
  MODIFY `id` bigint(20) UNSIGNED NOT NULL AUTO_INCREMENT;

--
-- AUTO_INCREMENT de la tabla `zonas_horarios`
--
ALTER TABLE `zonas_horarios`
  MODIFY `id` bigint(20) UNSIGNED NOT NULL AUTO_INCREMENT, AUTO_INCREMENT=165;

--
-- AUTO_INCREMENT de la tabla `zona_comun`
--
ALTER TABLE `zona_comun`
  MODIFY `id` bigint(20) UNSIGNED NOT NULL AUTO_INCREMENT, AUTO_INCREMENT=5;

--
-- AUTO_INCREMENT de la tabla `zona_comun_horarios`
--
ALTER TABLE `zona_comun_horarios`
  MODIFY `id` bigint(20) UNSIGNED NOT NULL AUTO_INCREMENT, AUTO_INCREMENT=3;

--
-- Restricciones para tablas volcadas
--

--
-- Filtros para la tabla `apartamentos`
--
ALTER TABLE `apartamentos`
  ADD CONSTRAINT `apartamentos_bloque_id_foreign` FOREIGN KEY (`bloque_id`) REFERENCES `bloques` (`id`);

--
-- Filtros para la tabla `apartments`
--
ALTER TABLE `apartments`
  ADD CONSTRAINT `apartments_client_id_foreign` FOREIGN KEY (`client_id`) REFERENCES `clients` (`id`) ON DELETE CASCADE;

--
-- Filtros para la tabla `bloques`
--
ALTER TABLE `bloques`
  ADD CONSTRAINT `bloques_conjunto_id_foreign` FOREIGN KEY (`conjunto_id`) REFERENCES `conjuntos` (`id`);

--
-- Filtros para la tabla `casas`
--
ALTER TABLE `casas`
  ADD CONSTRAINT `casas_conjunto_id_foreign` FOREIGN KEY (`conjunto_id`) REFERENCES `conjuntos` (`id`);

--
-- Filtros para la tabla `clasificado_galerias`
--
ALTER TABLE `clasificado_galerias`
  ADD CONSTRAINT `clasificado_galerias_clasificado_id_foreign` FOREIGN KEY (`clasificado_id`) REFERENCES `clasificados` (`id`);

--
-- Filtros para la tabla `conjuntos`
--
ALTER TABLE `conjuntos`
  ADD CONSTRAINT `conjuntos_administrador_id_foreign` FOREIGN KEY (`administrador_id`) REFERENCES `users` (`id`);

--
-- Filtros para la tabla `correspondencias`
--
ALTER TABLE `correspondencias`
  ADD CONSTRAINT `correspondencias_casa_id_foreign` FOREIGN KEY (`casa_id`) REFERENCES `casas` (`id`);

--
-- Filtros para la tabla `encuestas_respuestas`
--
ALTER TABLE `encuestas_respuestas`
  ADD CONSTRAINT `encuestas_respuestas_encuesta_id_foreign` FOREIGN KEY (`encuesta_id`) REFERENCES `encuestas` (`id`),
  ADD CONSTRAINT `encuestas_respuestas_usuario_id_foreign` FOREIGN KEY (`usuario_id`) REFERENCES `users` (`id`);

--
-- Filtros para la tabla `galeria_emprendimientos`
--
ALTER TABLE `galeria_emprendimientos`
  ADD CONSTRAINT `galeria_emprendimientos_emprendimiento_id_foreign` FOREIGN KEY (`emprendimiento_id`) REFERENCES `emprendimientos` (`id`);

--
-- Filtros para la tabla `informacion_conjuntos`
--
ALTER TABLE `informacion_conjuntos`
  ADD CONSTRAINT `informacion_conjuntos_conjunto_id_foreign` FOREIGN KEY (`conjunto_id`) REFERENCES `conjuntos` (`id`);

--
-- Filtros para la tabla `invoices`
--
ALTER TABLE `invoices`
  ADD CONSTRAINT `invoices_client_id_foreign` FOREIGN KEY (`client_id`) REFERENCES `clients` (`id`) ON DELETE CASCADE,
  ADD CONSTRAINT `invoices_vehicle_id_foreign` FOREIGN KEY (`vehicle_id`) REFERENCES `vehicles` (`id`) ON DELETE CASCADE;

--
-- Filtros para la tabla `log_sistemas`
--
ALTER TABLE `log_sistemas`
  ADD CONSTRAINT `log_sistemas_usuario_id_foreign` FOREIGN KEY (`usuario_id`) REFERENCES `users` (`id`) ON DELETE SET NULL;

--
-- Filtros para la tabla `model_has_permissions`
--
ALTER TABLE `model_has_permissions`
  ADD CONSTRAINT `model_has_permissions_permission_id_foreign` FOREIGN KEY (`permission_id`) REFERENCES `permissions` (`id`) ON DELETE CASCADE;

--
-- Filtros para la tabla `model_has_roles`
--
ALTER TABLE `model_has_roles`
  ADD CONSTRAINT `model_has_roles_role_id_foreign` FOREIGN KEY (`role_id`) REFERENCES `roles` (`id`) ON DELETE CASCADE;

--
-- Filtros para la tabla `pagos`
--
ALTER TABLE `pagos`
  ADD CONSTRAINT `pagos_administrador_id_foreign` FOREIGN KEY (`administrador_id`) REFERENCES `users` (`id`),
  ADD CONSTRAINT `pagos_casa_id_foreign` FOREIGN KEY (`casa_id`) REFERENCES `casas` (`id`);

--
-- Filtros para la tabla `parqueadero_visitantes`
--
ALTER TABLE `parqueadero_visitantes`
  ADD CONSTRAINT `parqueadero_visitantes_categoria_id_foreign` FOREIGN KEY (`categoria_id`) REFERENCES `categoria_vehiculo` (`id`),
  ADD CONSTRAINT `parqueadero_visitantes_parqueadero_id_foreign` FOREIGN KEY (`parqueadero_id`) REFERENCES `parqueaderos` (`id`),
  ADD CONSTRAINT `parqueadero_visitantes_precio_id_foreign` FOREIGN KEY (`precio_id`) REFERENCES `categoria_vehiculo` (`id`);

--
-- Filtros para la tabla `registro_parqueaderos`
--
ALTER TABLE `registro_parqueaderos`
  ADD CONSTRAINT `registro_parqueaderos_casa_id_foreign` FOREIGN KEY (`casa_id`) REFERENCES `casas` (`id`),
  ADD CONSTRAINT `registro_parqueaderos_parqueadero_id_foreign` FOREIGN KEY (`parqueadero_id`) REFERENCES `parqueaderos` (`id`),
  ADD CONSTRAINT `registro_parqueaderos_vehiculo_id_foreign` FOREIGN KEY (`vehiculo_id`) REFERENCES `vehiculos` (`id`);

--
-- Filtros para la tabla `registro_personas`
--
ALTER TABLE `registro_personas`
  ADD CONSTRAINT `registro_personas_casa_id_foreign` FOREIGN KEY (`casa_id`) REFERENCES `casas` (`id`);

--
-- Filtros para la tabla `reglas_umbral`
--
ALTER TABLE `reglas_umbral`
  ADD CONSTRAINT `reglas_umbral_banda_horaria_id_foreign` FOREIGN KEY (`banda_horaria_id`) REFERENCES `bandas_horarias` (`id`),
  ADD CONSTRAINT `reglas_umbral_tipo_vehiculo_id_foreign` FOREIGN KEY (`tipo_vehiculo_id`) REFERENCES `tipos_vehiculos` (`id`);

--
-- Filtros para la tabla `reports`
--
ALTER TABLE `reports`
  ADD CONSTRAINT `reports_client_id_foreign` FOREIGN KEY (`client_id`) REFERENCES `clients` (`id`) ON DELETE CASCADE,
  ADD CONSTRAINT `reports_vehicle_id_foreign` FOREIGN KEY (`vehicle_id`) REFERENCES `vehicles` (`id`) ON DELETE CASCADE;

--
-- Filtros para la tabla `reservas_zonas`
--
ALTER TABLE `reservas_zonas`
  ADD CONSTRAINT `reservas_zonas_conjunto_id_foreign` FOREIGN KEY (`conjunto_id`) REFERENCES `conjuntos` (`id`),
  ADD CONSTRAINT `reservas_zonas_zona_id_foreign` FOREIGN KEY (`zona_id`) REFERENCES `zona_comun` (`id`);

--
-- Filtros para la tabla `reservations`
--
ALTER TABLE `reservations`
  ADD CONSTRAINT `reservations_client_id_foreign` FOREIGN KEY (`client_id`) REFERENCES `clients` (`id`) ON DELETE CASCADE,
  ADD CONSTRAINT `reservations_space_id_foreign` FOREIGN KEY (`space_id`) REFERENCES `spaces` (`id`) ON DELETE CASCADE,
  ADD CONSTRAINT `reservations_vehicle_id_foreign` FOREIGN KEY (`vehicle_id`) REFERENCES `vehicles` (`id`) ON DELETE CASCADE;

--
-- Filtros para la tabla `residentes`
--
ALTER TABLE `residentes`
  ADD CONSTRAINT `residentes_casa_id_foreign` FOREIGN KEY (`casa_id`) REFERENCES `casas` (`id`),
  ADD CONSTRAINT `residentes_conjunto_id_foreign` FOREIGN KEY (`conjunto_id`) REFERENCES `conjuntos` (`id`),
  ADD CONSTRAINT `residentes_usuario_id_foreign` FOREIGN KEY (`usuario_id`) REFERENCES `users` (`id`);

--
-- Filtros para la tabla `respuesta_foros`
--
ALTER TABLE `respuesta_foros`
  ADD CONSTRAINT `respuesta_foros_foro_id_foreign` FOREIGN KEY (`foro_id`) REFERENCES `foros` (`id`),
  ADD CONSTRAINT `respuesta_foros_usuario_id_foreign` FOREIGN KEY (`usuario_id`) REFERENCES `users` (`id`);

--
-- Filtros para la tabla `role_has_permissions`
--
ALTER TABLE `role_has_permissions`
  ADD CONSTRAINT `role_has_permissions_permission_id_foreign` FOREIGN KEY (`permission_id`) REFERENCES `permissions` (`id`) ON DELETE CASCADE,
  ADD CONSTRAINT `role_has_permissions_role_id_foreign` FOREIGN KEY (`role_id`) REFERENCES `roles` (`id`) ON DELETE CASCADE;

--
-- Filtros para la tabla `tarifas_vehiculos`
--
ALTER TABLE `tarifas_vehiculos`
  ADD CONSTRAINT `tarifas_vehiculos_banda_horaria_id_foreign` FOREIGN KEY (`banda_horaria_id`) REFERENCES `bandas_horarias` (`id`) ON DELETE SET NULL,
  ADD CONSTRAINT `tarifas_vehiculos_tipo_vehiculo_id_foreign` FOREIGN KEY (`tipo_vehiculo_id`) REFERENCES `tipos_vehiculos` (`id`) ON DELETE CASCADE;

--
-- Filtros para la tabla `trasteos`
--
ALTER TABLE `trasteos`
  ADD CONSTRAINT `trasteos_administrador_id_foreign` FOREIGN KEY (`administrador_id`) REFERENCES `users` (`id`),
  ADD CONSTRAINT `trasteos_usuario_id_foreign` FOREIGN KEY (`usuario_id`) REFERENCES `users` (`id`);

--
-- Filtros para la tabla `visitantes`
--
ALTER TABLE `visitantes`
  ADD CONSTRAINT `visitantes_residente_id_foreign` FOREIGN KEY (`residente_id`) REFERENCES `residentes` (`id`);

--
-- Filtros para la tabla `zonas_horarios`
--
ALTER TABLE `zonas_horarios`
  ADD CONSTRAINT `zonas_horarios_zona_id_foreign` FOREIGN KEY (`zona_id`) REFERENCES `zona_comun` (`id`) ON DELETE CASCADE;

--
-- Filtros para la tabla `zona_comun`
--
ALTER TABLE `zona_comun`
  ADD CONSTRAINT `zona_comun_conjunto_id_foreign` FOREIGN KEY (`conjunto_id`) REFERENCES `conjuntos` (`id`) ON DELETE CASCADE;

--
-- Filtros para la tabla `zona_comun_horarios`
--
ALTER TABLE `zona_comun_horarios`
  ADD CONSTRAINT `zona_comun_horarios_zona_comun_id_foreign` FOREIGN KEY (`zona_comun_id`) REFERENCES `zona_comun` (`id`) ON DELETE CASCADE;
COMMIT;

/*!40101 SET CHARACTER_SET_CLIENT=@OLD_CHARACTER_SET_CLIENT */;
/*!40101 SET CHARACTER_SET_RESULTS=@OLD_CHARACTER_SET_RESULTS */;
/*!40101 SET COLLATION_CONNECTION=@OLD_COLLATION_CONNECTION */;
